participant_id,block_id,trial_num,ticker,position,final_position,direction,jump_index,jump_pct,chart_values,action_taken,action_index,action_value,final_value,valence,arousal,regret
007,high,1,MOGW,CASH,CASH,-1,44,-0.08908428258084504,"[100.0, 100.0394, 99.9925, 100.0587, 100.1471, 100.1706, 100.2083, 100.2803, 100.1932, 100.1891, 100.2202, 100.2137, 100.2162, 100.138, 100.172, 100.1183, 100.0957, 100.1331, 100.1214, 100.1761, 100.1409, 100.0807, 100.0912, 100.0254, 100.0654, 100.116, 100.1246, 100.1544, 100.1114, 100.0605, 100.1051, 100.0727, 100.1027, 100.1403, 100.0726, 100.0605, 100.101, 100.1603, 100.1849, 100.2102, 100.167, 100.052, 99.9868, 99.8816, 91.0251, 91.1303, 91.0637, 91.0202, 90.9719, 90.9419, 90.9065, 90.8925, 90.9164, 90.9673, 91.017, 90.9561, 90.9846, 90.988, 91.0601, 90.9177, 90.8634, 90.937, 90.9226, 90.9521, 90.9735, 90.9376, 90.8925, 90.8564, 90.8199, 90.8366, 90.8641, 90.806, 90.8148, 90.7739, 90.7254, 90.6718, 90.6396, 90.6847, 90.7806, 90.8371, 90.7666, 90.7908, 90.7796, 90.7428, 90.7673, 90.755, 90.7066, 90.7203, 90.7788, 90.7664, 90.7341, 90.6903, 90.7814, 90.7302, 90.7503, 90.7657, 90.7126, 90.766, 90.8504, 90.8473, 90.8962, 90.9048, 90.9655, 91.0088, 91.0941, 91.1405, 91.2031, 91.2474, 91.2175, 91.2405, 91.192, 91.2476, 91.2988, 91.2251, 91.1901, 91.1584, 91.0393, 91.1103, 91.0464, 90.9704, 91.0045, 90.9903, 90.9072, 90.8874, 90.9084, 90.8929, 90.8541, 90.7977, 90.8982, 90.9039, 90.904, 90.8848, 90.8307, 90.8083, 90.8194, 90.9304, 90.9186, 91.0305, 91.0214, 91.0061, 90.972, 90.9443, 90.9538, 90.9353, 90.8454, 90.7751, 90.7623, 90.7212, 90.8482, 90.8539, 90.9302, 90.9661, 91.0413, 91.0659, 90.9688, 90.9795, 90.913, 90.8783, 90.8097, 90.8228, 90.7981, 90.7431, 90.7267, 90.7318, 90.6763, 90.774, 90.7757, 90.7189, 90.6609, 90.6755, 90.7086, 90.8143, 90.8005, 90.7778, 90.7674, 90.7338, 90.6324, 90.6653, 90.6768, 90.5967, 90.5767, 90.6799, 90.6933, 90.7239, 90.7233, 90.7244, 90.7567, 90.7275, 90.6181, 90.622, 90.6449, 90.6444, 90.6905, 90.6463, 90.6341, 90.6561, 90.6799, 90.6964, 90.7109, 90.6879, 90.6349, 90.6753, 90.7623, 90.6876, 90.673, 90.8253, 90.7653, 90.6733, 90.6314, 90.5985, 90.6254, 90.7021, 90.7143, 90.6155, 90.7521, 90.7369, 90.8066, 90.7529, 90.7157, 90.7048, 90.6666, 90.6606, 90.6577, 90.6858, 90.6246, 90.6885, 90.6703, 90.7794, 90.8701, 90.9022, 90.8854, 90.921, 90.9685, 90.9602, 90.9855, 90.8443, 90.848, 90.8426, 90.7865, 90.7759, 90.6918, 90.6806, 90.6852, 90.6613, 90.6708, 90.61, 90.6276, 90.622, 90.6446, 90.6669, 90.74, 90.6649, 90.6559, 90.6539, 90.5967, 90.54, 90.6014, 90.6252, 90.5787, 90.5762, 90.5852, 90.5872, 90.4999, 90.5814, 90.5846, 90.6074, 90.5562, 90.4675, 90.4293, 90.472, 90.4491, 90.4214, 90.4, 90.2959, 90.2175, 90.2141, 90.2048, 90.2459, 90.1891, 90.2249, 90.1871, 90.3483, 90.2993, 90.2963, 90.2813, 90.3896, 90.3583, 90.4335, 90.4876]","(False, None)",,,90.48763738171694,6,6,7
007,high,2,LBWT,ASSET,CASH,1,209,0.10612378295686732,"[100.0, 99.9384, 100.0342, 100.1931, 100.6077, 100.8522, 100.9973, 100.9837, 101.0524, 101.0091, 101.046, 100.9508, 100.7069, 100.8687, 100.8868, 100.9564, 101.0204, 101.2827, 101.0298, 101.157, 101.2107, 101.7034, 101.5588, 101.3648, 101.4037, 101.3639, 101.3879, 101.5847, 101.838, 101.8882, 101.9245, 102.0854, 102.441, 102.6321, 102.6957, 102.5002, 102.2356, 102.4032, 102.294, 102.3226, 102.4746, 102.606, 102.1721, 102.2921, 102.3718, 102.0772, 102.1666, 102.1798, 102.4329, 102.5996, 102.6367, 102.4253, 102.0999, 102.1356, 101.8329, 101.6537, 101.5582, 101.7968, 101.5751, 101.7602, 101.9676, 101.8085, 102.0279, 102.0341, 102.3191, 102.7179, 102.8125, 102.9141, 103.0649, 103.3002, 103.4634, 103.315, 103.6031, 103.3327, 103.2477, 103.2704, 103.3241, 103.2455, 103.5141, 103.7326, 103.6948, 103.7675, 104.1133, 104.5885, 104.4293, 103.8643, 103.7479, 103.9157, 104.0629, 104.3303, 104.004, 103.9074, 103.8201, 103.7407, 103.7191, 103.8279, 103.7578, 103.4512, 103.6636, 103.6376, 103.3365, 103.4408, 103.3391, 103.4707, 103.5239, 103.4113, 103.4486, 103.7915, 103.7796, 103.772, 103.5756, 103.6825, 103.8066, 103.9995, 104.1268, 104.0771, 103.956, 103.7629, 103.7942, 103.8034, 103.9458, 103.7144, 103.7154, 103.9207, 103.7241, 103.9794, 103.908, 103.8892, 103.9656, 103.9718, 103.6703, 103.2825, 103.4696, 103.1058, 103.1747, 103.3162, 103.0602, 102.7862, 102.7043, 102.6799, 102.7623, 102.7619, 102.9344, 102.9063, 103.151, 103.3436, 103.3383, 103.2223, 102.9084, 102.8931, 102.9426, 102.6535, 102.9735, 103.1069, 102.8854, 102.6892, 102.5299, 102.5528, 102.3431, 102.3492, 102.3574, 102.1985, 102.089, 102.1267, 102.0028, 101.7008, 101.7732, 101.9121, 102.0381, 101.9577, 102.0773, 101.7166, 101.864, 102.0359, 102.1149, 102.437, 102.7383, 103.0879, 103.5447, 103.3512, 103.2266, 103.2861, 103.4628, 103.5814, 103.5634, 103.616, 103.5487, 103.7514, 103.3792, 103.1741, 102.8967, 102.7888, 103.0597, 103.0048, 102.8214, 102.8612, 103.0964, 102.7989, 102.549, 102.5376, 102.8716, 102.9535, 102.8528, 103.3936, 103.4416, 103.1789, 103.462, 103.1671, 103.0073, 113.9165, 114.1774, 114.3771, 113.8472, 113.7877, 113.9586, 113.7315, 113.7668, 114.4476, 114.6726, 114.4766, 114.7109, 114.3118, 114.4223, 114.3192, 114.7468, 114.8507, 114.8836, 115.3052, 115.6351, 115.3274, 114.8458, 114.7949, 114.8925, 114.6272, 114.6366, 114.3942, 114.6395, 114.8065, 114.5782, 114.5602, 114.594, 114.4787, 114.1595, 114.3063, 114.1058, 113.659, 113.4623, 113.5096, 113.2049, 113.2384, 112.7709, 112.7104, 112.4078, 112.8547, 113.2227, 113.2807, 113.5174, 113.7786, 113.7104, 113.7991, 113.9135, 113.649, 113.7588, 113.8084, 113.8678, 113.7122, 113.6799, 113.4536, 113.7656, 113.9969, 113.9117, 114.061, 114.0331, 114.2633, 114.5408, 114.6305, 114.6755, 114.7403, 114.7758, 114.5863, 114.4251, 114.2002, 114.3761, 114.0649, 113.7901, 114.0019, 113.5997, 113.5546, 113.7168]","(True, 'SELL')",218,114.67260966706617,113.71676509010312,8,8,2
007,high,3,IJVX,CASH,ASSET,1,108,0.08800550679747597,"[100.0, 100.0933, 99.6962, 99.9537, 99.8916, 99.8643, 99.6073, 99.5244, 99.4687, 99.6823, 99.652, 99.5291, 99.2149, 99.0547, 98.8773, 98.3425, 98.4967, 98.5484, 98.5372, 98.5744, 98.5104, 98.3372, 98.3728, 98.463, 98.4067, 98.5679, 98.3718, 98.195, 98.0315, 98.2343, 98.1516, 98.2816, 98.0228, 97.7854, 97.8673, 97.923, 97.9329, 98.0464, 97.9832, 97.9874, 97.7106, 97.8376, 97.7392, 97.6176, 97.5559, 97.566, 97.556, 97.3672, 97.5002, 97.3555, 97.1242, 97.0891, 97.0265, 96.6838, 96.7213, 96.8471, 96.9711, 97.0121, 96.9249, 96.6824, 96.8275, 97.1091, 97.2045, 97.4192, 97.258, 97.3807, 97.4262, 97.4129, 97.1029, 97.2614, 97.5973, 97.4529, 97.6033, 97.4896, 97.2043, 97.241, 97.2656, 97.4288, 97.5121, 97.4585, 97.5347, 97.6292, 97.7752, 97.7514, 97.4297, 97.1077, 96.9268, 96.7747, 97.17, 96.9312, 96.8414, 97.0371, 96.9662, 96.9448, 96.8511, 96.7571, 96.8523, 96.4812, 96.3368, 96.6436, 96.4849, 96.5291, 96.6042, 96.464, 96.3577, 96.4293, 96.6366, 96.7592, 105.412, 105.5608, 105.0357, 105.147, 104.8699, 104.6681, 104.415, 104.442, 104.4991, 104.6824, 104.5934, 104.801, 104.6798, 104.5308, 104.5226, 104.5766, 104.5136, 104.2157, 104.2938, 104.436, 104.2675, 104.7391, 104.6298, 105.2953, 105.2093, 105.1993, 105.1164, 105.0498, 105.2512, 105.3578, 105.3181, 105.4308, 105.7064, 105.643, 105.5695, 105.3857, 105.7888, 105.4899, 105.6066, 105.4789, 105.6233, 105.5972, 105.5316, 105.215, 105.3118, 105.3104, 105.1127, 105.1173, 105.1124, 105.0361, 104.8843, 104.7063, 104.5102, 104.2659, 104.4065, 104.3939, 104.4078, 104.3032, 104.0677, 103.9579, 103.9587, 103.78, 103.405, 103.3313, 103.1286, 102.9588, 103.0895, 103.3306, 103.2934, 103.7457, 103.7485, 103.5857, 103.6259, 103.8402, 103.77, 103.5973, 103.754, 104.2084, 104.0869, 103.9955, 104.5189, 105.0266, 105.112, 105.2062, 104.8455, 104.7624, 104.6516, 104.7512, 104.8066, 104.7671, 104.7267, 104.5396, 104.4818, 104.6415, 104.707, 104.763, 104.9378, 104.8333, 104.8417, 105.0016, 105.1229, 105.2583, 105.2963, 105.1812, 105.3531, 105.1043, 105.0009, 104.8327, 104.7027, 104.8556, 105.0108, 104.9509, 104.6768, 105.0121, 105.1396, 104.9933, 104.8294, 104.8768, 105.1677, 105.1417, 104.9598, 105.1132, 104.9063, 104.8591, 105.0452, 105.4538, 105.642, 105.6037, 105.4079, 105.6904, 105.5958, 105.5691, 105.6009, 105.7961, 105.9066, 105.7087, 105.8228, 105.5186, 105.5413, 105.2924, 105.0814, 105.0862, 105.2011, 105.4378, 105.6601, 106.2934, 106.2801, 106.4551, 106.3219, 106.4123, 106.3388, 106.4934, 106.4702, 106.5152, 106.553, 106.6448, 106.567, 106.5871, 106.6941, 106.4673, 106.5683, 106.9842, 107.1125, 107.1217, 107.4116, 107.2677, 107.1751, 107.3161, 107.5989, 107.5617, 107.5743, 107.3873, 107.0855, 106.6389, 106.5756, 106.4455, 106.1668, 106.0734, 106.13, 106.4634, 106.24]","(True, 'BUY')",163,104.3938913162017,106.23996134422663,8,7,3
007,high,4,XLGG,CASH,ASSET,1,179,0.10124559973426321,"[100.0, 100.0187, 100.0287, 100.1763, 100.1338, 100.1659, 100.1578, 100.0089, 99.9268, 99.8473, 99.8252, 99.9003, 99.9504, 100.0569, 100.1833, 100.0202, 99.8933, 99.9808, 99.9748, 99.9226, 99.8574, 99.8041, 99.7032, 99.7673, 99.9272, 99.9579, 100.0408, 100.0156, 100.0284, 99.9862, 99.8245, 99.5736, 99.6101, 99.6189, 99.6218, 99.6587, 99.7519, 99.6618, 99.4525, 99.5057, 99.395, 99.3164, 99.3769, 99.4354, 99.3367, 99.1474, 99.1114, 99.0726, 99.0544, 99.1351, 99.2054, 99.1253, 99.1611, 99.3537, 99.4815, 99.4329, 99.3896, 99.2709, 99.3174, 99.4506, 99.4304, 99.5237, 99.558, 99.3698, 99.4948, 99.4898, 99.4675, 99.3807, 99.2813, 99.1937, 99.2765, 99.3344, 99.2829, 99.2291, 99.2675, 99.3113, 99.2069, 99.452, 99.3795, 99.3093, 99.2711, 99.207, 99.145, 99.0709, 99.134, 99.0954, 99.0251, 98.909, 99.0815, 99.1335, 99.1533, 99.3149, 99.2779, 99.2905, 99.304, 99.5215, 99.5245, 99.4622, 99.4544, 99.3831, 99.4402, 99.3579, 99.4896, 99.508, 99.3965, 99.3529, 99.3452, 99.3125, 99.1908, 99.0762, 99.1691, 99.3599, 99.2775, 99.248, 99.2042, 99.2066, 99.1493, 99.0901, 99.1227, 98.9586, 99.0021, 99.0015, 99.1575, 99.1717, 99.1965, 99.1403, 99.0537, 99.0823, 98.9968, 99.0095, 98.9315, 98.9578, 98.8379, 98.9035, 98.8684, 98.9364, 98.979, 99.0705, 98.9354, 98.9895, 98.9729, 99.065, 98.9671, 99.1397, 99.0526, 99.1313, 99.3184, 99.3516, 99.1942, 99.1537, 99.1797, 99.2286, 99.1907, 99.1333, 99.2498, 99.1901, 99.1262, 99.0725, 99.2041, 99.1326, 99.0463, 99.0696, 99.0247, 99.0841, 99.0775, 99.0657, 99.0951, 99.1273, 99.1729, 99.1004, 98.9801, 99.0279, 99.1365, 99.099, 98.999, 98.9478, 98.9095, 98.9453, 99.0032, 108.9725, 109.044, 109.2834, 109.2709, 109.0895, 109.1167, 109.1783, 109.1485, 109.1348, 109.2011, 109.0611, 109.1799, 109.1926, 109.2857, 109.4889, 109.4081, 109.5466, 109.6581, 109.6436, 109.7793, 109.6737, 109.4614, 109.5522, 109.5367, 109.5488, 109.6318, 109.3984, 109.4187, 109.3312, 109.4108, 109.4796, 109.486, 109.565, 109.757, 109.8251, 109.8494, 109.8639, 109.9056, 109.857, 109.7953, 109.7897, 109.7628, 109.6952, 109.7912, 109.762, 109.9602, 109.8796, 109.8282, 109.8391, 109.8286, 109.9965, 110.1678, 110.2604, 110.2262, 110.1921, 110.1575, 109.9904, 110.0967, 110.0525, 110.1083, 109.8222, 109.603, 109.5472, 109.4683, 109.4759, 109.315, 109.1634, 109.4039, 109.4363, 109.3107, 109.4795, 109.4566, 109.3681, 109.318, 109.2752, 109.3266, 109.3453, 109.4443, 109.3838, 109.594, 109.6529, 109.6451, 109.664, 109.6414, 109.6561, 109.6235, 109.3609, 109.4509, 109.5664, 109.5405, 109.5657, 109.493, 109.4786, 109.3395, 109.4351, 109.47, 109.5023, 109.5887, 109.7104, 110.0481, 109.8862, 109.8508, 109.7252, 109.7425, 109.7284, 109.734, 109.6502, 109.6329, 109.6369, 109.7041]","(True, 'BUY')",277,109.71041268114746,109.70408045462479,8,7,4
007,high,5,LKYZ,CASH,ASSET,-1,117,-0.09379348516853311,"[100.0, 99.8659, 99.6767, 99.5044, 99.1812, 99.0476, 99.0349, 98.664, 98.3976, 98.1883, 98.081, 97.6948, 97.6404, 97.7912, 97.9699, 98.3959, 98.3156, 98.3791, 98.6385, 98.8201, 98.8004, 98.922, 99.0655, 98.8964, 99.0287, 98.8236, 98.7442, 98.8723, 99.0014, 99.0074, 98.9126, 98.494, 98.4171, 98.3526, 98.4527, 98.309, 98.1272, 98.2406, 98.2173, 97.9195, 97.9853, 98.1499, 98.1307, 97.996, 98.0428, 98.2591, 98.167, 98.3755, 98.1218, 98.2412, 97.8746, 97.7327, 97.6609, 97.6959, 97.6055, 97.793, 97.4534, 97.2135, 97.2877, 97.0904, 97.012, 97.1197, 96.7366, 96.6304, 96.6642, 96.7325, 96.7666, 96.6172, 96.4353, 96.4466, 96.0348, 96.0586, 96.0513, 95.9073, 96.0214, 96.3899, 96.4771, 96.7882, 96.8294, 96.6473, 96.7104, 96.5806, 95.9978, 95.9267, 95.5391, 95.4695, 95.772, 95.7369, 95.7323, 95.8017, 95.2696, 95.4515, 95.4195, 95.5675, 95.5266, 95.7289, 95.81, 95.3943, 95.5493, 95.4384, 95.4761, 95.7318, 95.6594, 95.8406, 95.8479, 95.9119, 96.0328, 95.9399, 95.8216, 95.6958, 95.8739, 95.7446, 95.7369, 95.6646, 95.7479, 95.7322, 95.737, 86.6259, 86.6206, 86.6043, 86.7395, 86.6811, 86.7001, 86.7604, 86.8349, 86.8001, 86.9561, 86.8657, 86.5327, 86.5364, 86.618, 86.8328, 86.9859, 86.9688, 87.3264, 87.5856, 87.5844, 87.7271, 87.7854, 87.6464, 87.5166, 87.4771, 87.6355, 87.5175, 87.8015, 87.853, 87.8776, 87.8677, 87.9528, 87.8664, 87.5989, 87.6388, 87.5465, 87.2828, 87.2359, 87.1071, 87.0767, 86.9716, 86.7997, 86.9121, 86.9186, 86.9224, 87.1287, 87.2155, 87.6419, 87.626, 87.5046, 87.6522, 87.4303, 87.2837, 86.7584, 86.8322, 86.6232, 86.5223, 86.3785, 86.259, 86.1648, 86.4671, 86.0741, 86.1114, 85.8826, 85.5658, 85.3887, 85.5843, 85.4324, 85.4123, 84.9616, 84.6712, 84.623, 84.528, 84.4215, 84.165, 83.9942, 83.9214, 84.0447, 84.1649, 84.1193, 83.8856, 83.9224, 84.0509, 84.5468, 84.4385, 84.535, 84.4932, 84.1238, 84.107, 84.0266, 84.0961, 84.1035, 84.1669, 84.2622, 83.9975, 83.9269, 83.6772, 83.8271, 83.6079, 83.7252, 83.8426, 84.0129, 83.7417, 83.691, 83.4547, 83.6732, 83.9316, 84.3598, 84.6347, 84.7498, 84.7059, 84.9307, 84.8277, 84.8764, 85.3258, 85.2402, 84.8889, 84.6196, 84.2167, 84.1228, 84.0485, 84.1934, 84.368, 84.3519, 84.3044, 83.8401, 83.6908, 83.3292, 83.1634, 83.0872, 83.0103, 82.9568, 82.6469, 82.6151, 82.8346, 82.3603, 82.3106, 82.1108, 82.1539, 82.1665, 81.6555, 81.4706, 81.5958, 81.6062, 81.5882, 81.4381, 81.3394, 81.1492, 80.9316, 80.7949, 80.7956, 80.7523, 80.8004, 80.7039, 80.2897, 80.3055, 80.3869, 80.208, 80.1852, 80.029, 80.1121, 80.3196, 80.4464, 80.3842, 80.1511, 79.9738, 79.8833, 79.8704, 80.0526, 80.1252, 80.0196, 80.0235]","(True, 'BUY')",286,80.12520896079369,80.0234688578507,7,7,5
007,high,6,ESEJ,CASH,ASSET,-1,73,-0.10150427993601785,"[100.0, 99.8629, 99.9106, 99.8831, 99.8888, 99.7291, 99.7303, 99.4469, 99.4417, 99.6914, 99.6454, 99.4573, 99.5796, 99.6171, 99.9494, 99.8839, 99.9825, 100.2278, 100.4275, 100.5021, 100.5284, 100.7724, 100.8845, 100.8963, 101.2609, 100.8965, 100.6141, 100.7613, 100.1488, 99.4994, 99.7006, 99.4977, 99.0581, 98.9102, 99.3749, 99.287, 99.5082, 99.4871, 99.2799, 99.3694, 99.4139, 99.4197, 98.814, 99.0137, 98.9499, 98.7373, 98.6038, 99.1182, 99.2964, 99.1663, 99.1259, 98.7729, 99.0542, 99.3105, 99.3576, 99.1755, 99.4318, 99.4329, 99.9086, 99.7766, 100.1826, 100.0605, 100.1919, 100.3572, 100.1603, 100.2414, 100.0266, 100.2416, 100.3017, 100.2641, 99.9287, 100.3288, 100.8732, 90.7296, 90.6895, 90.33, 90.4439, 90.3288, 89.855, 89.792, 89.8442, 89.9916, 90.1785, 90.2574, 90.1694, 90.5162, 90.6079, 89.9336, 89.9203, 90.0706, 89.7684, 89.5367, 89.2806, 89.3107, 89.2172, 89.2541, 89.2933, 89.3489, 89.936, 89.9245, 89.7789, 89.6022, 89.7247, 89.5505, 89.4137, 89.8073, 89.5182, 89.4343, 89.7131, 90.0822, 89.8701, 89.8891, 90.2439, 90.5594, 90.2725, 89.7612, 90.0006, 89.837, 90.2934, 90.3791, 90.5425, 90.7398, 90.52, 90.8105, 90.7031, 90.6507, 90.596, 90.4884, 90.4331, 90.2171, 90.296, 90.4072, 90.3468, 90.4334, 90.5903, 90.4892, 90.8139, 90.8216, 90.9081, 90.4871, 90.6562, 90.4686, 90.5678, 90.6237, 90.5758, 90.1547, 89.8527, 90.0535, 90.2279, 90.1258, 90.1118, 90.2255, 90.4936, 90.7342, 90.545, 90.5681, 90.6195, 90.064, 90.1396, 90.4695, 90.1654, 90.101, 90.1323, 90.4051, 90.6437, 90.3508, 90.2848, 90.3116, 90.0826, 90.189, 90.2296, 90.187, 90.2548, 89.9891, 90.0679, 90.0365, 90.1579, 90.5408, 90.279, 90.3923, 90.4636, 90.5476, 90.7557, 90.9448, 91.1109, 90.7936, 90.8817, 90.8572, 90.9182, 90.9756, 91.3826, 91.4568, 91.2371, 91.2568, 91.2887, 91.1197, 91.0738, 90.8073, 90.7558, 91.0349, 90.8541, 90.7014, 90.6946, 90.275, 89.989, 90.5657, 90.5111, 90.3842, 90.3015, 90.3515, 90.1539, 90.1958, 90.3483, 90.5504, 90.4714, 90.3639, 90.7014, 91.2772, 91.1268, 91.116, 90.7017, 90.604, 90.6592, 90.5848, 90.5827, 90.2143, 90.3175, 90.1272, 90.2708, 90.7047, 90.8508, 91.1984, 90.9517, 90.7521, 90.8466, 90.8174, 90.8388, 90.589, 91.2121, 91.3724, 91.4858, 91.7851, 91.6215, 91.8029, 91.5531, 91.5212, 91.7261, 91.674, 91.3608, 91.2988, 91.325, 91.5346, 91.6228, 91.3227, 91.5062, 91.5903, 91.7041, 91.9374, 92.3293, 92.1141, 92.2764, 92.1271, 92.1856, 92.3516, 92.5329, 92.6178, 92.5447, 92.5582, 92.4584, 92.2546, 92.4702, 92.4207, 92.6225, 92.8292, 92.7737, 93.2743, 93.0571, 93.6571, 93.8239, 93.6368, 93.3375, 93.6756, 93.4672, 93.9994, 93.8732, 93.7519, 93.7678, 93.7631, 93.7601]","(True, 'BUY')",280,93.33751517829063,93.76009432241358,8,7,2
007,high,7,SRZC,ASSET,CASH,1,217,0.10035019609734344,"[100.0, 100.153, 99.8293, 99.7275, 99.8279, 99.6355, 99.5219, 99.3018, 99.5112, 99.3973, 99.2781, 99.4559, 99.2382, 98.8216, 98.6084, 98.7063, 98.728, 98.6244, 98.086, 97.819, 97.8106, 97.862, 97.7146, 97.8552, 97.8883, 97.7611, 97.6333, 97.9062, 98.35, 98.027, 97.5415, 97.3829, 97.4879, 97.3862, 97.2948, 97.2729, 97.2012, 97.2643, 97.4188, 97.3142, 97.1232, 97.2518, 97.0912, 97.036, 97.094, 97.1872, 97.3194, 97.246, 97.481, 97.2038, 97.1611, 97.2097, 97.3987, 97.7446, 97.7168, 97.7034, 97.6537, 97.4671, 97.4994, 97.2875, 97.2167, 97.5629, 97.665, 97.4, 97.4902, 97.8601, 98.3915, 98.3775, 98.1943, 98.4084, 98.3663, 98.4257, 97.9939, 97.8846, 98.2126, 98.6604, 98.8926, 99.1045, 99.4722, 99.2979, 98.9888, 98.7025, 98.4808, 98.6119, 98.9132, 99.0012, 98.9181, 98.63, 98.5294, 99.0449, 99.1926, 99.5176, 99.419, 99.3536, 99.7228, 99.8424, 99.79, 99.8134, 99.8747, 99.6858, 99.5525, 99.5352, 99.5725, 99.5642, 99.6221, 99.4406, 99.5093, 99.4871, 99.3053, 99.3104, 99.2481, 99.3821, 99.2092, 99.2924, 99.1905, 99.4011, 99.5377, 99.4103, 99.5061, 99.547, 99.421, 99.3606, 99.1706, 99.4496, 99.3895, 99.5696, 99.4977, 99.9371, 99.6916, 100.0159, 99.8893, 99.8371, 99.8384, 99.8173, 99.5909, 99.2917, 99.3921, 99.5997, 99.3141, 99.248, 99.4642, 99.4174, 99.4747, 99.5215, 99.537, 99.8175, 99.7594, 99.6022, 99.7046, 99.8381, 99.4066, 99.4947, 99.6072, 99.2776, 99.335, 99.4931, 99.4378, 99.6846, 99.6777, 99.3218, 99.3216, 99.5374, 99.5351, 99.5484, 99.7352, 99.7848, 99.92, 100.0717, 100.1456, 100.5339, 100.7423, 100.7884, 100.7707, 100.8472, 100.9703, 100.8974, 100.8579, 100.7896, 100.8564, 101.1202, 100.8465, 100.8561, 101.0108, 100.9075, 100.9954, 101.0481, 101.1119, 101.1565, 101.1205, 101.002, 100.986, 100.8333, 101.0332, 101.2955, 100.9519, 100.9309, 100.6955, 100.9526, 100.8627, 100.4529, 100.401, 100.4025, 100.7575, 100.5847, 100.4904, 100.4506, 100.7616, 100.5811, 100.3727, 100.2552, 100.1288, 100.1524, 100.1273, 100.3922, 100.4002, 100.5205, 100.4784, 110.2983, 110.2683, 110.2851, 109.9911, 109.8657, 110.0415, 109.8626, 110.1816, 110.4895, 110.7377, 110.8927, 110.4091, 110.2192, 110.0302, 110.2388, 110.3788, 110.4941, 110.7303, 110.7214, 110.5887, 110.3685, 110.4549, 110.59, 110.7116, 110.6808, 110.811, 110.6806, 110.8213, 110.7809, 110.986, 110.651, 110.8241, 110.6585, 110.712, 110.7031, 111.0766, 111.0334, 110.9706, 111.0325, 111.5661, 111.6458, 111.6135, 111.7588, 111.96, 111.9498, 112.1025, 111.6996, 111.682, 111.9696, 112.16, 112.0168, 112.0976, 112.1465, 112.216, 112.1404, 111.9479, 111.8924, 111.9427, 111.9674, 111.9367, 112.2664, 112.3595, 112.6199, 112.9666, 113.1559, 112.5848, 112.4106, 112.5299, 112.7986, 112.8176, 112.5716, 112.4778]","(True, 'SELL')",225,110.48946570249387,112.47780888939906,8,8,2
007,high,8,GYQP,CASH,ASSET,1,242,0.07483803989686008,"[100.0, 100.0687, 100.2174, 100.1425, 100.2962, 100.4002, 100.096, 100.2666, 99.8213, 99.7679, 100.2971, 100.3044, 100.2574, 100.4182, 100.3285, 100.1234, 99.9653, 99.6076, 99.8078, 99.8507, 99.6475, 99.3978, 99.4149, 99.285, 99.4758, 99.4933, 99.6842, 99.9877, 100.0681, 100.1971, 100.3497, 100.3575, 100.4508, 100.281, 100.3477, 100.4133, 100.1229, 100.2434, 100.4065, 100.4164, 100.1561, 100.3105, 100.413, 100.4241, 100.5046, 100.7354, 100.6298, 100.0943, 100.1957, 100.497, 100.6483, 100.691, 100.8296, 100.777, 100.996, 100.9852, 100.9556, 100.9384, 100.8541, 100.8681, 100.7829, 100.5755, 100.9067, 100.9643, 101.1339, 101.154, 101.0729, 101.4154, 101.4207, 101.5051, 101.4893, 101.3746, 101.4592, 101.6704, 101.9448, 101.7706, 101.8204, 101.6157, 101.5343, 101.8698, 102.0066, 102.2415, 102.2371, 102.2122, 102.2551, 102.3386, 102.4285, 102.3965, 102.8051, 102.7051, 102.6511, 102.5381, 102.3418, 102.3043, 102.645, 102.5435, 102.4964, 102.3627, 102.1767, 102.1942, 102.1804, 101.8161, 101.9211, 101.739, 101.7892, 101.6666, 101.628, 101.7029, 101.5573, 101.4144, 101.3833, 101.488, 101.5424, 101.7262, 101.7471, 101.6354, 101.627, 101.7656, 101.9986, 101.7957, 101.5456, 101.2608, 101.0489, 100.877, 100.7723, 100.9057, 100.9269, 100.8896, 100.9482, 100.8773, 100.98, 101.0148, 100.9592, 101.2843, 101.2964, 101.1471, 101.461, 101.217, 100.8694, 101.129, 101.0007, 101.03, 100.7999, 100.7725, 100.5671, 100.5854, 100.8741, 100.5423, 100.5946, 100.5073, 100.3086, 100.1893, 100.3249, 100.3582, 100.4724, 100.4649, 100.2968, 100.5236, 100.5266, 100.4292, 100.2854, 100.2388, 100.2255, 100.3765, 100.5026, 100.8079, 100.4641, 100.4165, 100.4724, 100.5573, 100.3161, 100.5854, 100.5498, 100.3104, 100.2412, 100.2624, 100.2601, 100.4204, 100.2598, 100.2163, 100.3588, 100.4413, 100.4428, 100.3196, 100.3475, 100.2288, 100.4635, 100.2437, 100.1307, 99.9802, 99.8562, 99.886, 99.6713, 99.6775, 99.5431, 99.2782, 99.502, 99.9002, 100.2861, 100.4602, 100.3348, 100.314, 100.2805, 100.356, 99.9663, 100.3989, 100.785, 100.7517, 100.9037, 100.8968, 100.8885, 101.2811, 101.2085, 101.2716, 101.4005, 101.0696, 101.1632, 101.1969, 101.0513, 100.967, 101.035, 100.9518, 101.0459, 101.044, 100.8341, 100.4864, 100.5757, 100.6182, 100.4799, 100.462, 100.1008, 100.1064, 99.9876, 100.1637, 99.9418, 99.8519, 99.9581, 99.7833, 99.6476, 99.346, 99.3087, 99.4868, 106.704, 106.734, 106.4162, 106.4258, 106.514, 106.559, 106.4716, 106.5785, 106.8164, 106.7866, 106.9036, 106.8007, 106.8514, 107.064, 107.3273, 107.6711, 107.748, 107.7797, 108.0057, 108.2463, 108.2443, 108.2376, 108.0616, 108.1976, 107.9737, 108.2904, 108.2374, 108.1494, 108.0716, 108.0633, 108.1514, 107.8185, 107.7256, 107.7861, 107.3041, 107.3765, 107.1924, 107.3167, 106.7445, 106.6593, 106.6133, 106.3306, 106.2294, 106.7097, 106.7191, 106.5744, 106.8354]","(True, 'BUY')",252,106.90360447901044,106.83542204098188,7,7,2
007,high,9,CRMW,ASSET,ASSET,-1,109,-0.07925662264802343,"[100.0, 100.0275, 99.7931, 99.5798, 99.4958, 99.0028, 99.1141, 99.157, 99.2953, 99.0166, 98.9943, 98.905, 98.6531, 98.5261, 98.4374, 98.6452, 98.687, 98.8202, 98.8604, 98.9581, 98.846, 98.6507, 98.4653, 98.4148, 98.5852, 98.4028, 98.2457, 98.3106, 98.4073, 98.4259, 98.4267, 98.2375, 98.0949, 98.1128, 98.4002, 98.3852, 98.3907, 98.2378, 98.3945, 98.3678, 98.3619, 98.5418, 99.0972, 99.2252, 99.5611, 99.2866, 99.1329, 99.1018, 99.4323, 99.1796, 99.0953, 99.2597, 99.3721, 99.5138, 99.0397, 98.9326, 99.2395, 99.3019, 99.3286, 99.6328, 99.7826, 99.9178, 99.9027, 99.6832, 100.0084, 99.8053, 99.808, 100.0353, 100.2375, 100.3787, 100.5569, 100.7316, 100.6837, 100.9209, 100.7055, 100.6845, 100.5955, 100.7079, 100.6895, 100.9335, 100.8244, 101.2151, 101.2341, 101.3072, 100.8353, 100.9009, 100.5504, 100.5056, 100.5201, 100.4216, 100.3414, 100.4007, 100.4703, 100.45, 100.2425, 100.4415, 100.2135, 100.3358, 100.0849, 100.2712, 99.9557, 99.8713, 100.061, 100.0697, 99.98, 99.9852, 99.918, 99.9977, 100.0932, 91.9253, 91.9584, 92.1077, 92.3977, 92.5231, 92.3795, 92.6155, 92.8201, 92.7146, 92.4899, 92.5333, 92.6075, 92.5534, 92.3122, 92.2301, 92.4641, 92.2993, 92.5775, 92.6654, 92.568, 92.6693, 92.6907, 92.8723, 92.6361, 92.5827, 92.58, 92.7255, 92.9196, 92.9926, 92.9329, 92.966, 92.9552, 92.8213, 92.8298, 93.1967, 93.0294, 93.1126, 92.9749, 92.92, 92.8617, 92.861, 92.9187, 93.0747, 93.2555, 93.2219, 93.1003, 93.243, 93.1301, 93.1952, 93.3935, 93.3422, 93.402, 93.5052, 93.5144, 93.2108, 93.4149, 93.362, 93.2064, 93.0986, 93.4752, 93.2447, 93.6075, 93.8906, 94.0859, 93.9394, 93.6258, 93.7032, 93.3777, 93.2983, 93.2713, 93.4348, 93.3969, 93.3199, 93.6674, 93.5694, 93.5321, 93.5885, 93.6287, 93.6133, 94.0816, 94.0924, 93.6911, 93.4972, 93.4676, 93.3703, 93.1416, 93.0375, 93.2647, 93.4726, 93.5602, 93.5553, 93.525, 93.6726, 93.7314, 93.7577, 93.8666, 93.501, 93.4112, 93.2657, 93.1763, 92.8384, 92.972, 92.8486, 93.0301, 93.2335, 93.0726, 93.0468, 92.9281, 92.7555, 92.5755, 92.8376, 92.8318, 92.8556, 92.6604, 92.3656, 92.5707, 92.3029, 92.1178, 92.0754, 92.4006, 92.2784, 92.1545, 92.0193, 91.9325, 91.7789, 91.6547, 91.7037, 91.543, 91.3201, 91.4502, 91.0914, 91.0417, 90.9711, 90.9119, 91.0391, 91.0356, 91.2157, 91.2101, 91.2117, 91.1064, 91.3241, 91.2169, 91.1616, 91.3435, 91.195, 91.5214, 91.2906, 91.3763, 91.456, 91.4626, 91.4814, 91.28, 91.0766, 90.8773, 90.7248, 90.6659, 90.6591, 90.5261, 90.6646, 90.411, 90.3919, 90.1446, 90.1766, 90.1385, 89.8351, 89.9941, 89.8567, 89.5685, 89.4375, 89.266, 89.1836, 89.5289, 89.7656, 89.6307, 89.641, 89.7168, 89.8174, 90.0561, 90.2877, 90.5009]","(False, None)",,,90.50088774651819,7,3,2
007,high,10,ULYB,CASH,ASSET,1,187,0.09583784493315338,"[100.0, 99.8874, 99.9411, 99.9506, 99.9643, 100.0242, 99.9471, 99.9262, 99.9352, 99.6634, 99.5983, 99.4019, 99.4796, 99.5262, 99.4158, 99.5825, 99.6751, 99.678, 99.5975, 99.6676, 99.9878, 99.8872, 99.9588, 99.8405, 99.7668, 99.8897, 99.9223, 100.088, 100.0072, 100.0033, 99.9119, 99.9769, 99.8764, 99.8294, 99.7279, 99.8526, 99.8515, 99.8182, 99.8523, 99.8866, 99.819, 99.7489, 99.6327, 99.6334, 99.3932, 99.5015, 99.2466, 99.2068, 99.299, 99.2932, 99.1417, 99.2686, 99.0462, 99.1378, 99.4056, 99.2914, 99.2989, 99.1857, 99.1298, 99.0473, 99.1111, 99.151, 99.3221, 99.3004, 99.247, 99.1932, 99.3413, 99.4032, 99.4391, 99.5632, 99.6422, 99.6607, 99.4605, 99.3554, 99.4812, 99.4963, 99.6695, 99.7653, 99.6868, 99.3537, 99.5415, 99.3012, 99.3984, 99.398, 99.5086, 99.4051, 99.4433, 99.4936, 99.4876, 99.5966, 99.6824, 99.534, 99.5029, 99.4011, 99.5056, 99.3797, 99.5802, 99.6027, 99.4917, 99.4675, 99.4058, 99.3443, 99.2825, 99.1453, 99.2509, 99.3796, 99.2924, 99.3837, 99.3129, 99.499, 99.3719, 99.4106, 99.4165, 99.5843, 99.4001, 99.4012, 99.5083, 99.6978, 99.7034, 99.847, 99.6456, 99.5373, 99.5544, 99.279, 99.4035, 99.5105, 99.4096, 99.26, 99.5257, 99.5283, 99.609, 99.657, 99.5498, 99.5496, 99.4608, 99.491, 99.4105, 99.4093, 99.1487, 98.96, 98.9571, 98.9045, 98.8132, 98.762, 98.7236, 98.9396, 98.8515, 98.8888, 98.9001, 98.8873, 98.9057, 98.7824, 98.8016, 98.8011, 98.6388, 98.4938, 98.5618, 98.5956, 98.7234, 98.741, 98.5848, 98.765, 98.842, 98.7565, 98.8578, 98.9034, 98.985, 99.1356, 99.1757, 99.0357, 99.1413, 99.1434, 99.2569, 99.4117, 99.3736, 99.5003, 99.5441, 99.499, 99.6092, 99.704, 99.6112, 99.4682, 99.5804, 99.5735, 99.5001, 99.4778, 99.6358, 109.2112, 109.4472, 109.4935, 109.415, 109.4007, 109.2939, 109.2932, 109.3479, 109.557, 109.363, 109.3901, 109.3002, 109.2819, 109.2084, 109.0588, 108.9867, 108.873, 108.983, 108.9663, 108.8521, 108.9637, 108.9611, 108.8344, 108.6404, 108.6059, 108.3873, 108.326, 108.488, 108.5533, 108.4271, 108.3729, 108.342, 108.4086, 108.3842, 108.5554, 108.5302, 108.6212, 108.416, 108.5337, 108.6353, 108.3604, 108.4096, 108.3522, 108.3802, 108.2796, 108.3158, 108.596, 108.685, 108.6542, 108.6776, 108.6338, 108.4752, 108.5023, 108.5623, 108.6374, 108.9444, 108.947, 109.006, 108.961, 108.9293, 109.0088, 108.8005, 108.8922, 108.7963, 108.6814, 108.7046, 108.5867, 108.6597, 108.6285, 108.6854, 108.9423, 108.9985, 108.9352, 109.0323, 108.9486, 108.9848, 108.8951, 108.7881, 108.6766, 108.7531, 108.6861, 108.4397, 108.7639, 108.7468, 108.8088, 108.923, 108.8186, 108.8081, 108.8528, 108.9641, 109.1805, 109.0546, 109.1091, 109.158, 109.1538, 109.2858, 109.4611, 109.4288, 109.5686, 109.4157, 109.5404, 109.6605]","(True, 'BUY')",198,109.30020993285525,109.6604732007151,9,7,1
007,high,11,KZND,CASH,ASSET,1,48,0.06904288481969048,"[100.0, 99.9708, 99.9897, 99.9584, 99.9102, 99.9219, 99.9996, 100.1326, 99.9178, 100.048, 99.968, 100.0421, 99.9554, 99.848, 100.1859, 100.1966, 100.1276, 100.0699, 100.1092, 100.0897, 100.1592, 99.9608, 99.9901, 100.0573, 100.0832, 100.2772, 100.3028, 100.2713, 100.3191, 100.4218, 100.5767, 100.7374, 100.7426, 100.7471, 100.8815, 101.0529, 100.9308, 101.0081, 100.8963, 101.0187, 100.9354, 100.7127, 100.9048, 100.9905, 101.2268, 101.1562, 101.0008, 101.1019, 107.8104, 107.7413, 107.7828, 107.602, 107.4395, 107.3763, 107.3331, 107.2296, 107.2182, 107.0761, 106.9115, 106.8085, 106.8211, 106.8217, 106.7087, 106.4208, 106.3023, 106.2053, 106.5271, 106.4042, 106.4643, 106.25, 106.2367, 105.9478, 106.0731, 105.8544, 106.0113, 105.9174, 106.067, 106.0973, 106.2912, 106.3404, 106.4415, 106.5681, 106.5545, 106.7027, 106.844, 106.945, 106.7096, 106.8615, 106.7313, 106.6062, 106.6494, 106.7301, 106.7396, 106.6204, 106.6534, 106.8614, 106.7465, 106.6638, 106.474, 106.5117, 106.4663, 106.643, 106.5814, 106.5187, 106.3438, 106.2434, 106.304, 106.4625, 106.1909, 106.1341, 105.891, 105.8967, 105.9905, 106.0305, 106.2963, 106.1914, 106.412, 106.3963, 106.5551, 106.6403, 106.6329, 106.7496, 106.6336, 106.5145, 106.5972, 106.8764, 106.754, 106.6751, 106.5395, 106.6109, 106.3011, 106.1637, 106.1313, 106.2606, 106.3786, 106.6852, 106.7426, 106.6778, 106.3849, 106.6572, 106.5091, 106.3919, 106.3995, 106.6265, 106.6075, 106.6099, 106.6071, 106.6215, 106.4066, 106.1796, 105.9589, 105.855, 106.0325, 106.3228, 106.3201, 106.0573, 105.7448, 105.7296, 105.7209, 105.6246, 105.1797, 105.0117, 104.9806, 105.2161, 105.196, 105.016, 104.9036, 104.7997, 104.9373, 104.7261, 104.6406, 104.6956, 104.7406, 104.7781, 104.8333, 105.087, 104.9478, 104.7859, 104.6269, 104.4132, 104.3771, 104.356, 104.3395, 104.342, 104.5703, 104.7522, 104.511, 104.2679, 104.1983, 104.2023, 104.2223, 104.4356, 104.4623, 104.4803, 104.584, 104.6813, 104.7289, 104.8811, 104.9781, 105.0386, 105.1194, 105.0871, 105.3362, 105.232, 105.2153, 104.9057, 105.0661, 105.1496, 105.3374, 105.1984, 105.061, 105.0817, 104.8854, 104.6338, 104.4737, 104.2964, 104.4263, 104.4213, 104.5088, 104.4644, 104.4297, 104.4532, 104.297, 104.343, 104.3685, 104.4853, 104.4413, 104.3362, 104.5074, 104.5812, 104.5439, 104.3932, 104.3016, 104.4673, 104.4999, 104.4086, 104.3089, 104.1762, 104.1538, 104.1759, 104.3464, 104.2727, 104.2923, 104.3091, 104.3017, 104.2573, 104.5226, 104.6041, 104.7261, 104.9002, 105.0687, 105.0121, 105.0942, 105.1072, 105.1936, 105.1858, 104.9439, 104.681, 104.8879, 105.0132, 104.8608, 105.0096, 104.8448, 104.8179, 104.9719, 104.8704, 104.807, 105.0712, 105.221, 105.308, 105.1352, 105.1615, 105.0361, 105.164, 105.0046, 105.1355, 105.2651, 105.1166, 105.3568, 105.2492, 105.3581, 105.4078, 105.5222, 105.7078, 105.601, 105.6931, 105.8024, 105.827, 105.9568]","(True, 'BUY')",275,105.13548091720774,105.95683027172566,8,8,2
007,high,12,NEXW,CASH,ASSET,1,35,0.07311647718939654,"[100.0, 99.8741, 99.9642, 100.0503, 99.9699, 99.9948, 99.8903, 99.9275, 99.8745, 99.9256, 100.096, 100.2339, 100.1358, 100.1307, 100.2169, 100.2987, 100.3083, 100.3198, 100.3314, 100.2804, 100.2034, 100.3252, 100.2416, 100.3529, 100.4414, 100.3577, 100.2136, 100.1179, 100.1401, 100.1474, 100.0493, 100.1329, 100.205, 100.1368, 100.2607, 107.5641, 107.481, 107.3846, 107.4641, 107.4969, 107.5026, 107.5581, 107.5234, 107.4847, 107.5447, 107.551, 107.5877, 107.6919, 107.5903, 107.5109, 107.3784, 107.4737, 107.5723, 107.4558, 107.3857, 107.4614, 107.3679, 107.29, 107.1863, 107.1453, 107.1284, 107.3331, 107.323, 107.3414, 107.272, 107.1594, 107.1184, 107.0432, 107.1231, 107.13, 106.9224, 106.965, 107.1239, 107.0393, 107.0869, 107.0572, 107.0345, 107.1224, 107.1005, 107.0947, 107.0381, 107.0459, 107.0709, 107.1833, 107.1804, 107.1307, 107.1885, 107.2777, 107.2574, 107.3235, 107.297, 107.344, 107.2098, 107.1866, 107.2001, 107.149, 107.0459, 107.0482, 106.9697, 107.0015, 106.8793, 106.9476, 107.0655, 107.0411, 107.1209, 107.0416, 106.9153, 106.9836, 106.9693, 106.768, 106.7052, 106.7397, 106.7826, 106.8733, 106.9898, 106.9147, 106.9604, 106.8678, 106.7952, 106.7074, 106.6841, 106.6556, 106.5524, 106.6313, 106.6272, 106.6565, 106.5419, 106.3381, 106.3757, 106.6023, 106.6025, 106.5686, 106.7526, 106.7794, 106.779, 106.8652, 106.8204, 106.8873, 106.7458, 106.624, 106.6435, 106.7101, 106.6517, 106.6833, 106.6778, 106.716, 106.7602, 106.6829, 106.7247, 106.7153, 106.8389, 106.87, 106.8594, 106.7765, 106.7736, 106.718, 106.8187, 106.8627, 106.7691, 106.7895, 106.8021, 106.8532, 106.7849, 106.7619, 106.6943, 106.6657, 106.73, 106.7658, 106.7686, 106.712, 106.7386, 106.6998, 106.7078, 106.7907, 106.7142, 106.6955, 106.6513, 106.7046, 106.8558, 106.8318, 106.8386, 106.8994, 107.0066, 106.9666, 106.989, 107.0255, 106.9804, 106.9354, 107.0172, 106.9656, 106.9963, 106.9226, 106.9199, 106.9184, 106.9583, 106.7903, 106.6992, 106.773, 106.7579, 106.6921, 106.6066, 106.6062, 106.5824, 106.5265, 106.4862, 106.4474, 106.5349, 106.5419, 106.6169, 106.5651, 106.5624, 106.4479, 106.5496, 106.5076, 106.5923, 106.6074, 106.5862, 106.6499, 106.6424, 106.6261, 106.7257, 106.7507, 106.7347, 106.7425, 106.8035, 106.7102, 106.6119, 106.6025, 106.4924, 106.3803, 106.2945, 106.3768, 106.3606, 106.4059, 106.3279, 106.3131, 106.2528, 106.2288, 106.2497, 106.2566, 106.273, 106.3014, 106.3526, 106.3615, 106.3916, 106.352, 106.233, 106.2641, 106.261, 106.0976, 106.2021, 106.2216, 106.1229, 106.3131, 106.3615, 106.3657, 106.358, 106.4331, 106.3913, 106.4502, 106.4969, 106.4534, 106.5158, 106.607, 106.4874, 106.7182, 106.8076, 106.7421, 106.6994, 106.7756, 106.7612, 106.7706, 106.7873, 106.9874, 107.0027, 107.0443, 107.0023, 107.0404, 106.9132, 107.0336, 107.1276, 107.1532, 107.2895, 107.345, 107.3085, 107.2663, 107.2881, 107.2694, 107.3045]","(True, 'BUY')",70,106.92237499387012,107.30448007264339,8,8,1
007,high,13,ZYWE,ASSET,CASH,1,214,0.0861473421502548,"[100.0, 99.8653, 99.9961, 99.8558, 99.8612, 99.8847, 100.0964, 100.712, 101.0747, 100.9447, 101.1214, 101.3019, 101.1661, 101.2194, 101.4297, 101.3508, 101.2306, 101.0387, 101.3487, 101.2567, 101.2708, 101.2358, 101.2204, 101.0653, 101.3661, 101.202, 100.954, 100.8735, 100.8635, 100.9418, 100.5663, 100.1577, 100.1306, 100.117, 99.997, 100.0281, 100.3819, 100.3512, 100.4809, 100.6136, 100.5716, 100.5685, 100.7843, 100.8915, 100.703, 100.6424, 100.35, 100.4023, 100.2319, 100.3647, 100.472, 99.8582, 99.7488, 99.9712, 100.1528, 99.8223, 99.859, 99.8724, 99.919, 99.9214, 100.0525, 99.74, 99.5241, 99.6651, 99.3534, 99.1483, 98.9521, 98.9443, 99.0243, 99.1335, 99.1704, 98.902, 99.0389, 98.9328, 98.9303, 98.5462, 98.2808, 98.2524, 98.2717, 98.3268, 97.8231, 97.8967, 97.7093, 98.0487, 97.9543, 97.8347, 97.9185, 97.7761, 97.7877, 97.8578, 98.1109, 97.9839, 97.7706, 97.301, 97.3777, 97.2213, 96.8891, 97.2052, 97.2993, 96.9856, 96.7786, 97.0187, 97.0065, 96.7792, 96.4473, 96.238, 95.9916, 95.7329, 96.0152, 95.8305, 95.8873, 95.8629, 95.9929, 95.7184, 95.8607, 95.6915, 95.6277, 95.6779, 95.4737, 95.4109, 95.5763, 95.6448, 95.8084, 95.7054, 95.833, 95.9773, 95.8385, 95.9296, 95.7674, 96.1497, 96.1489, 96.2401, 96.5397, 96.7161, 97.0054, 97.092, 97.1872, 97.3515, 97.2087, 96.9984, 96.9532, 96.7721, 96.8787, 97.0149, 97.1498, 96.9034, 97.1769, 97.4618, 97.3661, 97.4499, 96.9446, 97.1237, 97.4574, 97.409, 97.9133, 98.0403, 97.8093, 97.8391, 98.4746, 98.4261, 98.7125, 98.5848, 98.5632, 98.7343, 98.3436, 98.2812, 98.3948, 98.4398, 98.3265, 98.3718, 98.2787, 98.2323, 97.9941, 97.7473, 97.7133, 97.8048, 98.3041, 98.3584, 98.3169, 98.7211, 98.7878, 98.9062, 98.7364, 99.1442, 99.5558, 99.6655, 99.6396, 99.7058, 99.6198, 99.686, 99.2902, 99.4965, 99.6552, 99.8145, 99.9531, 99.978, 100.2439, 100.5466, 100.2972, 100.6225, 100.5472, 100.8364, 100.7671, 100.6053, 100.6284, 100.5846, 100.2926, 100.5298, 100.6348, 100.7738, 101.0454, 101.3304, 101.6449, 101.5131, 110.1081, 110.2145, 110.6713, 110.9793, 110.9151, 110.8846, 111.1799, 111.0978, 111.084, 110.9089, 110.986, 111.139, 111.2893, 111.4754, 111.2125, 110.8364, 110.8311, 110.6703, 110.1927, 110.1507, 110.2415, 110.4292, 110.6922, 110.605, 110.3459, 110.3975, 110.3404, 110.3597, 110.2538, 110.0257, 109.8626, 109.8965, 110.156, 110.1317, 109.6467, 109.9248, 109.9584, 110.2053, 110.124, 110.2823, 110.2848, 110.077, 109.9567, 109.9793, 109.9708, 109.9259, 110.2468, 110.4299, 110.2973, 110.0327, 110.1246, 110.0916, 109.9242, 110.0147, 110.0387, 110.1967, 110.2191, 110.141, 110.1452, 110.2514, 110.0843, 110.2425, 110.1881, 110.2344, 110.3406, 110.2899, 110.2331, 109.9491, 109.8691, 110.1522, 110.1098, 110.0002, 110.2735, 110.212, 110.5297]","(True, 'SELL')",222,111.08402349994324,110.5296949181493,7,7,2
007,high,15,ZRWM,CASH,CASH,-1,168,-0.0973074847455613,"[100.0, 100.1809, 100.1533, 100.0819, 100.0905, 100.0158, 99.8349, 99.7528, 99.5942, 99.6158, 99.8064, 99.6712, 99.3864, 99.6321, 99.6251, 99.287, 99.3456, 99.5179, 99.5129, 99.3684, 99.2184, 99.3735, 99.3719, 99.29, 99.2706, 99.3886, 99.3995, 99.3005, 99.5039, 99.642, 99.4828, 99.258, 99.2944, 98.9754, 98.9953, 99.1361, 98.9212, 99.1773, 99.0033, 98.9936, 99.1222, 99.1235, 99.2044, 99.1492, 99.173, 99.2394, 99.5412, 99.6376, 99.609, 99.7574, 99.641, 99.2998, 99.3479, 99.3161, 99.4118, 99.2369, 99.2906, 99.0927, 99.0899, 99.159, 99.3795, 99.4858, 99.3186, 99.6411, 99.4416, 99.4279, 99.3596, 99.4487, 99.6667, 99.4682, 99.618, 99.7752, 99.7405, 99.8079, 99.8062, 99.7681, 99.7227, 100.0199, 99.623, 99.7908, 99.6837, 99.7851, 99.846, 99.6074, 99.8843, 99.8807, 99.8167, 99.7983, 99.7518, 99.8095, 99.8932, 99.722, 99.9623, 100.178, 100.045, 99.8188, 99.7178, 99.7264, 99.8102, 99.8043, 99.7479, 99.6784, 99.6614, 99.6791, 99.6615, 99.6628, 99.8388, 99.512, 99.443, 99.1808, 99.305, 99.2513, 99.1154, 99.0603, 99.2428, 99.3841, 99.222, 99.4174, 99.4591, 99.267, 98.9081, 98.9356, 98.829, 99.0324, 98.7926, 99.0355, 98.9848, 99.1714, 99.3183, 99.3468, 99.3928, 99.5622, 99.6069, 99.4841, 99.4167, 99.3376, 99.1581, 99.1051, 99.3881, 99.4302, 99.5065, 99.5123, 99.7884, 99.8032, 99.8201, 99.7787, 99.7346, 99.8115, 100.0082, 100.477, 100.497, 100.4323, 100.5833, 100.4966, 100.6367, 100.8178, 100.6728, 100.7987, 100.6721, 100.6177, 100.673, 100.6288, 100.5366, 100.4916, 100.313, 100.5436, 100.2981, 100.2724, 90.5732, 90.4325, 90.4147, 90.3286, 90.4537, 90.3963, 90.4223, 90.4043, 90.1182, 90.2403, 90.4282, 90.508, 90.4825, 90.6428, 90.506, 90.625, 90.5703, 90.5183, 90.6025, 90.6096, 90.5318, 90.5684, 90.7419, 90.8099, 91.0494, 91.0978, 91.2292, 91.1012, 91.0813, 90.9969, 90.9783, 91.0414, 90.8517, 90.9204, 91.1478, 91.0719, 90.9329, 91.0821, 90.9787, 90.9123, 90.7423, 90.5963, 90.7515, 90.589, 90.5037, 90.5457, 90.5858, 90.5534, 90.5816, 90.5721, 90.6188, 90.6473, 90.7017, 90.4213, 90.5371, 90.4826, 90.7379, 90.6646, 90.6466, 90.6445, 90.7346, 90.9592, 91.0354, 90.9551, 90.9784, 91.1027, 90.9567, 90.6182, 90.7523, 90.5817, 90.4129, 90.53, 90.5709, 90.2789, 90.2748, 90.1772, 90.0759, 90.1894, 90.1606, 90.0667, 90.0516, 90.2468, 90.0899, 90.3168, 90.2712, 90.5353, 90.5317, 90.4953, 90.6722, 90.4459, 90.3746, 90.2052, 90.1746, 90.1813, 90.2526, 90.1219, 90.1295, 90.3881, 90.2748, 90.1916, 90.1853, 90.0864, 90.0019, 89.9496, 89.9816, 89.8559, 89.9493, 90.1086, 90.1972, 90.1635, 90.1035, 90.2708, 90.1939, 90.2643, 90.2029, 90.1743, 90.2118, 90.0974, 90.1745, 90.0297, 89.8916]","(False, None)",,,89.89155586727563,6,6,7
007,high,16,GTWL,CASH,CASH,-1,130,-0.10199487534072833,"[100.0, 99.9472, 100.0657, 99.9878, 100.2949, 100.3712, 100.0773, 100.2147, 100.4047, 100.2469, 100.4684, 100.4398, 100.5205, 100.5449, 100.6247, 100.5158, 100.8485, 100.9977, 100.9255, 100.8109, 100.8948, 101.1645, 101.5081, 101.4507, 101.4237, 101.1047, 101.2112, 101.2485, 100.8787, 101.0585, 101.3507, 101.5404, 101.8132, 102.0483, 101.9811, 101.7186, 101.9126, 102.0415, 102.3036, 101.9633, 101.9387, 101.8769, 101.7032, 101.5191, 101.6639, 101.426, 101.4081, 101.3191, 101.2381, 101.2806, 101.1244, 101.0027, 100.8823, 100.7548, 100.5093, 100.7347, 100.3528, 100.3697, 100.3152, 100.4249, 100.4532, 100.4395, 100.6763, 100.5601, 100.5336, 100.4598, 100.8047, 100.7275, 100.4216, 100.3384, 100.4208, 100.0331, 99.8444, 99.7854, 99.7656, 100.1975, 100.3051, 100.1122, 99.7235, 100.0223, 99.8885, 99.9242, 99.5509, 99.7993, 99.4833, 99.2167, 99.3558, 98.916, 99.1737, 98.8869, 98.8456, 98.972, 98.8931, 98.9138, 98.9618, 98.7502, 98.7027, 98.708, 98.4018, 98.3096, 98.2781, 98.3149, 98.3626, 98.3415, 98.5041, 98.9797, 99.0779, 99.155, 99.4783, 99.6767, 99.6949, 99.6653, 99.7996, 99.7259, 99.9605, 99.8779, 100.0367, 99.8449, 100.1167, 99.7533, 99.5661, 99.6318, 99.7738, 99.5809, 99.7248, 99.8427, 100.0995, 100.1028, 100.3918, 99.9023, 89.5845, 89.3787, 89.5725, 89.5352, 89.4959, 89.5218, 89.4393, 89.2662, 89.4412, 89.2956, 89.2551, 89.2625, 89.3318, 89.4735, 89.5984, 89.5573, 89.6829, 89.9016, 90.1662, 90.4921, 90.3776, 90.5456, 90.558, 90.5162, 90.5785, 90.7685, 90.9774, 90.9102, 90.8228, 90.6115, 90.3776, 90.3597, 90.2252, 90.3718, 90.5378, 90.4148, 90.3465, 90.22, 89.6047, 89.4204, 89.4849, 89.6083, 89.6409, 89.5735, 89.7465, 89.6918, 89.4922, 89.5002, 89.5299, 89.8871, 90.0172, 90.1476, 90.4561, 90.4798, 90.6343, 90.6362, 90.5012, 90.5137, 90.6884, 90.5303, 90.4218, 90.2711, 90.6148, 90.2956, 90.6282, 90.9845, 91.3336, 91.2524, 91.6955, 91.92, 92.0624, 92.2507, 92.0911, 91.7463, 92.0055, 91.876, 91.8807, 91.8829, 92.0126, 92.2834, 92.2133, 92.1355, 92.2167, 92.311, 91.8685, 91.881, 91.7564, 91.9006, 91.9456, 91.6833, 91.6775, 91.7829, 91.7834, 91.979, 92.0592, 91.948, 92.0846, 91.9078, 92.0558, 92.2779, 92.3588, 92.2851, 92.0337, 92.1919, 92.413, 92.6114, 92.8146, 92.5611, 92.4348, 92.32, 92.0362, 91.6125, 91.6474, 91.8393, 91.7668, 91.4673, 91.2685, 90.9853, 90.9182, 91.144, 91.2653, 91.2155, 91.4492, 91.7232, 91.3959, 91.1669, 91.4261, 91.4113, 91.1282, 91.4043, 91.5583, 91.7256, 91.9506, 91.5181, 91.3698, 91.5892, 91.8, 91.7941, 92.0662, 92.4164, 92.4695, 92.1062, 92.0214, 92.284, 92.4253, 92.4744, 92.5327, 92.1516, 92.1361, 92.4885, 92.5681, 92.5546, 92.3173, 92.3584, 92.4376, 92.315, 92.6218, 92.7481, 92.6734]","(False, None)",,,92.67336935204007,6,4,7
007,high,17,VMCQ,CASH,CASH,-1,135,-0.10692745032093448,"[100.0, 100.0523, 100.0074, 99.989, 100.0255, 100.0222, 99.9095, 99.9671, 100.0057, 99.9308, 99.9827, 99.8903, 99.8816, 99.8854, 99.8582, 99.7745, 99.7114, 99.7589, 99.783, 99.7899, 99.8191, 99.8157, 99.8461, 99.8596, 99.8513, 99.8407, 99.8798, 99.8598, 99.8184, 99.8554, 99.8636, 99.7694, 99.8052, 99.8838, 99.8123, 99.8674, 99.9004, 99.8184, 99.8076, 99.8216, 99.9232, 99.9195, 99.9362, 99.9035, 99.9605, 99.9474, 99.9282, 99.9886, 100.0687, 100.122, 100.1711, 100.1952, 100.1734, 100.0573, 99.9327, 99.9071, 99.9643, 99.9018, 99.9057, 99.8476, 99.8498, 99.7937, 99.8346, 99.7752, 99.8371, 99.8251, 99.8571, 99.8518, 99.8897, 99.9834, 100.0021, 99.9995, 100.0877, 100.1173, 100.1111, 100.1479, 100.1781, 100.2376, 100.2151, 100.1435, 100.1229, 100.1498, 100.1747, 100.2001, 100.1411, 100.1325, 100.0672, 99.9136, 100.0014, 100.046, 100.0703, 100.0607, 100.0769, 100.0672, 100.05, 99.9796, 99.9735, 100.0007, 99.9686, 100.0565, 100.062, 100.0297, 100.0253, 99.9784, 99.9993, 99.914, 99.8526, 99.943, 99.8855, 99.8795, 99.7994, 99.7948, 99.8475, 99.9683, 99.9902, 100.0465, 100.098, 100.1202, 100.1697, 100.1931, 100.1495, 100.1079, 100.1055, 100.0378, 100.0663, 100.0282, 100.0299, 100.085, 100.0888, 100.1128, 100.0964, 100.0915, 99.9868, 100.0438, 100.0931, 89.3752, 89.3586, 89.3933, 89.453, 89.4734, 89.4403, 89.3961, 89.3214, 89.2039, 89.2154, 89.2592, 89.2636, 89.1699, 89.1696, 89.1469, 89.2052, 89.2202, 89.1982, 89.1813, 89.2076, 89.1492, 89.1545, 89.1877, 89.1463, 89.1368, 89.1783, 89.0971, 89.1086, 89.1766, 89.1855, 89.1346, 89.1308, 89.1007, 89.0605, 89.0846, 89.1554, 89.1351, 89.1197, 89.0748, 88.9575, 88.8835, 88.8948, 88.8386, 88.861, 88.8332, 88.8253, 88.8105, 88.8345, 88.9014, 88.8812, 88.9155, 88.8544, 88.8195, 88.7529, 88.6777, 88.6257, 88.686, 88.6455, 88.6538, 88.6399, 88.5792, 88.6062, 88.6747, 88.6011, 88.6194, 88.679, 88.6227, 88.5869, 88.6118, 88.5863, 88.5193, 88.5422, 88.6352, 88.5902, 88.5716, 88.5305, 88.4225, 88.393, 88.4044, 88.4243, 88.403, 88.4043, 88.351, 88.3127, 88.3568, 88.3517, 88.358, 88.3741, 88.3616, 88.3438, 88.3406, 88.2848, 88.2581, 88.2923, 88.2536, 88.3041, 88.3446, 88.3566, 88.3605, 88.3708, 88.4093, 88.4065, 88.4395, 88.388, 88.3532, 88.399, 88.4053, 88.453, 88.4802, 88.4042, 88.4266, 88.4539, 88.5173, 88.4902, 88.4491, 88.4548, 88.5007, 88.4313, 88.4887, 88.5321, 88.5899, 88.6258, 88.5558, 88.5128, 88.4865, 88.4625, 88.3541, 88.2656, 88.1778, 88.1244, 88.1309, 88.1208, 88.1288, 88.1155, 88.164, 88.2206, 88.2313, 88.2409, 88.242, 88.2451, 88.2103, 88.2565, 88.3933, 88.3853, 88.5258, 88.5484, 88.5221, 88.5134, 88.4905, 88.5346, 88.5658, 88.5125, 88.466, 88.4663]","(False, None)",,,88.46629361291069,7,8,8
007,high,18,AFQO,ASSET,ASSET,-1,119,-0.09550788493945189,"[100.0, 100.1405, 100.4294, 100.6025, 100.6629, 100.3729, 100.8972, 101.6529, 101.6649, 101.6997, 101.9206, 102.3519, 101.917, 102.2552, 101.9397, 102.2524, 102.4305, 102.7734, 103.3631, 103.3164, 103.5282, 103.6115, 103.7268, 104.163, 104.7882, 104.6367, 104.1041, 104.3659, 104.0798, 103.6247, 103.4148, 103.5801, 103.8443, 104.0356, 103.5683, 103.8811, 103.6795, 104.0587, 103.5495, 103.4028, 103.1604, 103.6018, 103.8277, 104.2647, 104.1856, 104.2249, 104.3187, 103.3898, 103.9517, 104.5933, 105.1944, 104.7228, 104.7221, 104.8183, 104.6431, 104.8193, 104.8142, 104.5814, 104.6191, 104.8105, 104.8371, 104.3709, 104.6275, 104.1656, 103.4024, 103.3715, 103.9462, 103.5279, 103.7479, 103.2529, 103.0613, 103.1374, 103.4338, 103.6169, 103.7273, 103.2565, 103.3379, 102.6803, 102.2081, 102.3533, 102.5001, 102.2582, 101.4794, 101.3161, 101.2806, 101.0293, 101.4396, 100.9559, 101.2105, 101.7097, 101.642, 101.7915, 101.277, 101.4989, 101.6358, 101.9003, 102.0301, 102.8419, 103.004, 102.4979, 102.4683, 102.8405, 102.5031, 102.3121, 101.9623, 102.6224, 102.9836, 103.6789, 104.3174, 104.2628, 104.3897, 104.5776, 104.3982, 103.9061, 104.2881, 104.4545, 104.4664, 104.0504, 103.8155, 94.3142, 93.7525, 94.0062, 93.9518, 93.492, 93.7135, 93.6577, 93.4679, 92.8952, 93.2993, 93.0207, 92.9126, 93.0356, 92.9409, 92.8541, 93.1186, 93.0412, 93.1239, 93.4279, 93.1655, 93.2364, 93.1135, 93.1122, 93.594, 93.6129, 93.7181, 93.673, 93.443, 93.1165, 93.3915, 93.1709, 93.3086, 93.7195, 94.0016, 93.8771, 94.2688, 94.4967, 94.7852, 95.0707, 94.7344, 94.5706, 94.3535, 94.2514, 94.2321, 94.4713, 94.477, 93.9936, 93.9545, 93.9142, 93.9239, 93.7033, 93.7153, 93.8791, 94.0781, 93.9794, 93.9363, 94.0043, 94.3311, 94.4136, 95.1074, 94.8309, 94.8142, 94.726, 94.9887, 95.0459, 94.9876, 94.8643, 94.5912, 93.7223, 93.9556, 93.7543, 93.7939, 93.2762, 92.9705, 92.7779, 92.5592, 92.3767, 92.4524, 92.0934, 92.2797, 92.2304, 92.242, 92.166, 92.0346, 92.0525, 91.7599, 91.8, 91.9234, 91.7873, 91.5449, 91.0908, 91.4218, 91.6892, 91.6579, 91.9694, 91.7355, 91.4312, 91.3756, 91.6308, 91.4192, 92.0356, 91.8017, 91.8684, 91.6607, 91.6377, 91.3509, 91.1774, 91.2491, 91.0563, 90.8991, 90.6947, 90.6041, 90.7686, 90.6882, 90.7366, 90.659, 90.5008, 90.9131, 91.158, 90.3696, 90.4618, 90.5853, 90.8543, 90.5825, 90.5334, 90.5048, 90.5382, 90.6906, 90.5779, 90.7113, 91.0651, 91.2245, 91.4543, 91.2648, 91.0233, 91.1738, 90.8842, 90.5239, 90.4193, 90.8381, 90.5504, 90.2185, 90.1342, 90.2138, 90.5638, 90.6223, 90.6566, 90.6042, 90.5233, 90.4434, 90.4324, 89.8059, 89.853, 89.9145, 89.661, 89.4077, 89.4888, 89.6928, 90.1618, 90.0873, 90.0197, 90.0184, 90.0509, 89.6297, 89.6256, 89.6547, 89.6341, 89.3851, 89.4324, 88.9326]","(False, None)",,,88.93256704493719,7,4,7
007,high,20,NZJO,ASSET,CASH,-1,114,-0.10200283361828415,"[100.0, 100.043, 100.1037, 100.1784, 100.323, 100.3002, 100.4179, 100.649, 100.7083, 100.6615, 100.5736, 100.5401, 100.7243, 100.7816, 100.7613, 100.721, 100.6476, 100.6428, 100.5355, 100.551, 100.6426, 100.5822, 100.7041, 100.7002, 100.761, 100.6615, 100.5092, 100.3292, 100.1856, 100.3075, 100.0472, 100.0758, 100.052, 100.0358, 100.0412, 99.9688, 100.0438, 100.1877, 100.1962, 100.1291, 100.0898, 100.0773, 100.1299, 100.1999, 100.2168, 100.232, 100.2117, 100.0813, 100.1476, 100.261, 100.3483, 100.3213, 100.3825, 100.3291, 100.411, 100.5229, 100.5623, 100.56, 100.7964, 100.8541, 100.9036, 100.8413, 100.9092, 100.9985, 101.0121, 100.9801, 100.9013, 100.9175, 100.8731, 100.7551, 100.723, 100.6407, 100.5201, 100.5605, 100.4731, 100.3677, 100.2997, 100.1882, 100.3035, 100.2782, 100.2168, 100.1284, 100.3202, 100.3459, 100.4168, 100.3959, 100.3062, 100.1816, 100.2492, 100.1573, 100.1473, 100.2705, 100.2579, 100.2041, 100.0579, 100.2229, 100.239, 100.1956, 100.1849, 100.3566, 100.4282, 100.507, 100.599, 100.6047, 100.663, 100.7184, 100.8015, 100.8458, 100.8641, 100.9971, 101.0983, 101.0512, 101.1155, 101.1118, 90.9711, 90.9012, 90.8199, 90.8751, 90.7078, 90.6923, 90.6768, 90.6879, 90.7097, 90.6776, 90.7139, 90.7291, 90.7146, 90.7825, 90.7536, 90.6781, 90.5336, 90.536, 90.644, 90.6607, 90.6995, 90.7575, 90.867, 90.9025, 90.8564, 90.8345, 90.8293, 90.948, 91.0304, 91.1235, 91.1942, 91.1926, 91.1121, 91.1597, 91.1569, 91.1014, 91.039, 91.1424, 91.0974, 91.034, 91.043, 91.1388, 91.1885, 91.2458, 91.3768, 91.4242, 91.423, 91.4105, 91.5347, 91.4945, 91.4914, 91.4645, 91.5196, 91.5963, 91.6552, 91.7982, 91.7834, 91.8766, 91.8115, 91.9283, 92.0166, 92.1504, 92.1543, 92.0215, 92.0294, 91.9171, 91.9376, 91.9267, 91.9796, 91.8542, 91.8997, 91.8819, 91.7667, 91.8295, 91.8222, 91.7537, 91.841, 91.7576, 91.8055, 91.8564, 91.8438, 91.7996, 91.81, 91.7359, 91.8914, 91.9224, 91.8752, 91.8669, 91.7262, 91.7813, 91.7297, 91.6451, 91.5384, 91.5143, 91.5895, 91.8668, 91.8407, 91.784, 91.8757, 91.9546, 91.9996, 92.0375, 92.059, 92.0519, 92.0844, 91.954, 91.9501, 92.0634, 91.916, 91.9222, 91.9812, 91.8932, 91.9214, 92.0063, 92.0194, 92.1189, 92.0954, 92.0022, 91.9107, 91.8115, 91.8337, 91.8238, 91.7866, 91.753, 91.6963, 91.7862, 91.8036, 91.7165, 91.8073, 91.9157, 91.9202, 91.8652, 91.8947, 91.7852, 91.7011, 91.7374, 91.6522, 91.7936, 91.7008, 91.6491, 91.7083, 91.7183, 91.7209, 91.7407, 91.8451, 91.9008, 91.8712, 91.8249, 91.9173, 91.9602, 91.9913, 91.9711, 91.9548, 92.104, 92.143, 92.2879, 92.2901, 92.3623, 92.3665, 92.2854, 92.4955, 92.4884, 92.5985, 92.8218, 92.8988, 92.862, 92.7896, 92.9555, 92.9561, 92.9171, 92.9764, 93.1038, 93.1529, 93.2199, 93.0818]","(True, 'SELL')",288,93.08182357550616,93.08182357550616,7,5,8
007,high,23,NWBZ,ASSET,CASH,1,211,0.08630640645257799,"[100.0, 100.1169, 99.9978, 99.8228, 99.9634, 99.7212, 99.8474, 99.9943, 100.0786, 100.193, 100.3827, 100.3439, 100.5098, 100.3551, 100.4191, 100.1571, 100.2104, 100.4195, 100.7625, 100.6834, 100.7221, 100.6206, 100.7736, 100.7548, 100.9453, 100.7449, 100.8655, 101.1917, 101.0041, 101.328, 101.2008, 101.1225, 101.1566, 101.5953, 101.396, 101.3872, 101.4074, 101.326, 101.309, 101.1463, 101.1801, 101.2651, 101.5303, 101.4911, 101.3166, 101.3326, 101.4183, 101.2615, 100.8951, 100.6482, 100.8771, 100.4283, 100.9311, 101.0635, 101.2813, 101.4723, 101.4891, 101.6223, 101.823, 101.7714, 101.7954, 101.8528, 101.9671, 101.7556, 101.6581, 101.5026, 101.3994, 101.6967, 101.7723, 101.6908, 101.5562, 101.9538, 101.8601, 101.9783, 101.8519, 101.9447, 101.8719, 101.9295, 102.1856, 102.6124, 102.4885, 102.4504, 102.5476, 102.6217, 102.5868, 102.6418, 102.5482, 102.7955, 102.9378, 102.8348, 103.052, 102.9727, 103.1769, 103.1609, 103.0055, 103.0623, 103.253, 103.2376, 103.2752, 102.8767, 102.8007, 102.4789, 102.3379, 102.2493, 102.1582, 101.888, 101.8237, 101.6774, 101.3191, 101.5577, 101.4686, 101.6467, 101.5787, 101.4479, 101.583, 101.6944, 101.3239, 101.2847, 101.0813, 101.1766, 100.9798, 101.0965, 101.0459, 101.1769, 100.934, 100.9325, 100.8011, 100.5465, 100.6461, 100.8448, 100.6719, 100.5759, 100.5514, 100.4893, 100.4878, 100.4277, 100.4347, 100.6832, 100.6483, 100.8096, 101.0159, 100.8094, 100.9546, 101.0616, 101.116, 101.0416, 101.2424, 101.2607, 101.5082, 101.442, 101.8189, 101.8021, 101.8524, 102.0668, 102.0098, 102.3686, 102.4343, 102.6044, 102.4989, 102.368, 102.3905, 101.8854, 101.6777, 101.6255, 101.7407, 101.5114, 101.6369, 101.6436, 101.6416, 101.3185, 101.2274, 101.1563, 101.0954, 101.2611, 100.9756, 100.9232, 100.6812, 100.4175, 100.2435, 100.1912, 100.3845, 100.6092, 100.5863, 100.5557, 100.8126, 100.95, 100.9718, 100.6938, 100.3967, 100.2939, 100.4517, 100.3004, 100.4882, 100.8149, 100.9603, 101.0006, 101.1356, 101.3112, 101.4355, 101.6521, 101.6845, 101.5336, 101.729, 101.6969, 101.6288, 101.673, 101.5946, 101.7366, 101.7445, 101.4168, 101.5174, 110.0862, 110.0211, 110.0838, 110.1599, 109.9939, 110.0278, 110.1017, 110.1563, 110.2003, 110.0901, 110.2488, 110.121, 110.1278, 110.0974, 109.8815, 109.7988, 109.8151, 109.8628, 109.6533, 109.4414, 109.461, 109.479, 109.7885, 109.812, 109.7161, 109.924, 110.0961, 109.8419, 109.8882, 110.2032, 110.2922, 110.1806, 110.3394, 110.2382, 110.4525, 110.2323, 110.3958, 110.3663, 110.6275, 110.6219, 110.7674, 110.8667, 110.7743, 110.8249, 110.4029, 110.4162, 110.4553, 110.3615, 110.1135, 110.0291, 109.9529, 109.4476, 109.4005, 109.6385, 109.4852, 109.5755, 109.7847, 109.5639, 109.4469, 109.4655, 109.4001, 109.3714, 109.8148, 109.6558, 109.5779, 109.886, 109.85, 109.6273, 109.6416, 109.3839, 109.3438, 109.4058, 109.6857, 109.8177, 109.9436, 110.0093, 109.9559, 109.7581]","(True, 'SELL')",218,110.15631476422602,109.75810461966712,9,8,2
007,high,24,SWKZ,ASSET,CASH,1,32,0.0920025766575479,"[100.0, 99.9245, 99.9044, 99.9726, 99.8221, 99.7139, 99.4596, 99.1859, 99.274, 99.2336, 99.0647, 99.2274, 98.733, 98.763, 98.8026, 98.8927, 98.8533, 98.8983, 98.7368, 98.8533, 98.8135, 98.6243, 98.5568, 98.4532, 98.1987, 98.2943, 98.2344, 98.1809, 98.0287, 97.9546, 97.9884, 97.818, 106.6777, 106.747, 106.9181, 106.8227, 107.1981, 107.0153, 107.1056, 107.0208, 107.1891, 106.9246, 106.8303, 106.6964, 106.4924, 106.8036, 106.3389, 106.7053, 106.8957, 106.5436, 106.614, 106.7638, 106.2933, 106.1871, 106.3002, 106.2043, 106.123, 106.1508, 106.0897, 106.2889, 106.5137, 106.3059, 106.4469, 106.1955, 106.4367, 106.3891, 106.1675, 106.5001, 106.5801, 106.6624, 106.8076, 106.6346, 106.8058, 106.5989, 106.6664, 106.552, 106.6377, 106.5913, 106.7501, 106.9048, 106.9014, 107.0125, 107.1463, 107.2415, 107.1685, 107.1775, 107.537, 107.4097, 107.329, 107.2638, 107.4397, 107.4657, 107.3566, 107.1574, 107.1005, 107.2077, 107.2688, 107.3983, 107.5189, 107.316, 107.5847, 107.3545, 107.4549, 107.496, 107.5175, 107.4091, 107.2559, 107.2484, 107.4024, 107.4592, 107.3409, 107.282, 107.3746, 107.3991, 107.5958, 107.7554, 107.707, 107.8027, 107.5662, 107.51, 107.5315, 107.4063, 107.5567, 107.3385, 107.2121, 107.1819, 107.0047, 106.821, 106.9056, 107.0469, 106.8603, 106.8463, 107.0253, 107.0772, 107.1324, 106.9931, 107.0247, 107.2092, 107.1439, 107.0612, 107.2068, 107.3002, 107.3922, 107.6386, 107.5663, 107.6231, 107.6288, 107.8144, 107.5084, 107.8433, 107.8558, 107.9561, 107.9319, 107.7527, 107.8853, 107.8191, 107.6667, 107.7982, 107.7204, 107.6954, 107.3575, 107.4109, 107.4362, 107.6273, 107.7469, 107.7009, 107.6292, 107.6601, 107.5623, 107.6983, 107.5892, 108.042, 108.2333, 108.2318, 108.1321, 108.0152, 107.9451, 107.94, 107.6922, 107.855, 107.9357, 108.1228, 108.0447, 107.9794, 107.8989, 107.6638, 107.9851, 108.014, 107.861, 107.7735, 107.8494, 107.8368, 107.7977, 107.9069, 108.0091, 108.0229, 107.9669, 107.8632, 107.9673, 107.7232, 107.8535, 107.8469, 107.7544, 107.8094, 107.9131, 107.8392, 107.9417, 107.9384, 107.7666, 107.7379, 107.7489, 107.7138, 107.6407, 107.925, 108.1073, 107.9327, 107.9812, 107.7741, 107.5472, 107.6727, 107.499, 107.5872, 107.4749, 107.6263, 107.8206, 107.896, 107.7679, 107.7647, 107.7402, 107.604, 107.702, 107.7763, 107.7774, 107.574, 107.4242, 107.3651, 107.2363, 107.2322, 107.4394, 107.3401, 107.5133, 107.7576, 107.92, 108.1629, 108.0198, 107.7181, 107.8032, 107.9869, 108.0003, 107.9875, 107.8639, 107.6919, 107.695, 107.8948, 108.0805, 107.9358, 107.9997, 108.0125, 108.1307, 108.352, 108.4709, 108.384, 108.6445, 108.3429, 108.4327, 108.1694, 108.1081, 108.1548, 108.2908, 108.3306, 108.5198, 108.6242, 108.5375, 108.5528, 108.3433, 108.376, 108.3064, 108.2889, 108.6382, 108.5825, 108.4561, 108.5254, 108.5776, 108.606, 108.7333, 108.644, 108.8406, 108.8369, 108.8693]","(True, 'SELL')",54,106.30017025969215,108.86933698959082,8,7,2
007,high,26,IPFF,ASSET,CASH,-1,104,-0.08869305847357473,"[100.0, 99.6363, 99.4989, 99.1455, 99.1495, 99.0139, 98.9938, 99.0115, 99.2985, 99.3234, 99.1934, 99.3599, 99.3752, 99.7231, 99.6971, 99.6854, 99.6622, 99.9228, 99.983, 99.8018, 99.7269, 99.5266, 99.4051, 99.3572, 99.373, 99.6637, 99.6563, 99.7779, 99.8058, 100.0103, 100.1056, 100.022, 99.8354, 99.7769, 99.7281, 99.848, 99.8312, 99.7264, 99.7176, 99.662, 99.6654, 99.5145, 99.7583, 99.9494, 99.8181, 99.8583, 99.7102, 99.7424, 99.8753, 100.0297, 100.1393, 100.2123, 100.2198, 100.3754, 100.3062, 100.6308, 100.6972, 100.8002, 100.6186, 100.6166, 100.6037, 100.7559, 100.8227, 100.6723, 100.7677, 100.737, 100.6519, 100.7412, 101.0073, 100.9268, 101.2231, 101.4358, 101.5672, 101.6226, 101.6824, 101.8069, 102.0067, 102.1868, 102.3894, 102.9936, 103.101, 103.0555, 102.8095, 102.8151, 102.9774, 103.0648, 103.3199, 103.6243, 103.9442, 104.1239, 104.0906, 104.0879, 104.2738, 104.2924, 104.2114, 104.1107, 104.4134, 104.6349, 104.3942, 104.3661, 104.4508, 104.4844, 104.8041, 104.9831, 95.4729, 95.2657, 95.3047, 95.0224, 94.9546, 94.8656, 94.8737, 95.1023, 94.8907, 95.2538, 95.0579, 95.2129, 95.37, 95.0025, 95.0748, 95.2437, 95.2381, 95.276, 95.3906, 95.2066, 95.2347, 95.227, 95.1742, 95.1092, 95.3078, 95.4158, 95.4418, 95.6149, 95.6378, 95.5253, 95.5088, 95.5554, 95.4647, 95.3636, 95.5727, 95.6566, 95.7989, 95.6538, 95.6148, 95.7353, 95.4534, 95.5352, 95.3152, 95.4427, 95.496, 95.6335, 95.8229, 95.8584, 95.9246, 95.767, 95.7631, 95.6628, 95.5592, 95.5881, 95.6381, 95.4339, 95.3464, 95.0145, 95.2356, 95.2406, 95.1178, 95.0442, 95.4655, 95.361, 95.6581, 95.671, 95.7381, 95.6355, 95.4525, 95.2738, 95.0908, 95.0483, 94.7841, 94.8624, 95.1516, 95.4064, 95.4212, 95.7274, 95.8225, 95.6832, 95.4153, 95.4976, 95.6197, 95.848, 95.8063, 95.7354, 95.5563, 95.5287, 95.3485, 95.3164, 95.5344, 95.5945, 95.424, 95.9034, 96.0022, 95.7476, 95.8691, 95.8591, 95.8549, 96.0592, 95.8857, 95.942, 96.0138, 95.9344, 96.1513, 95.9503, 95.9453, 96.1314, 95.693, 95.9433, 95.8385, 95.9426, 96.2324, 96.2922, 96.151, 96.0375, 95.9938, 96.3135, 96.0775, 95.8918, 95.5612, 95.7769, 95.9901, 95.7844, 95.6347, 95.6574, 95.8937, 96.0221, 96.0394, 96.0463, 96.2072, 96.3055, 96.2685, 96.6228, 96.3374, 96.3519, 96.4682, 96.3065, 96.4877, 96.3998, 96.3194, 96.5193, 96.5981, 96.469, 96.3022, 95.9305, 95.9105, 95.6933, 95.6933, 95.6661, 95.5116, 95.3116, 95.0464, 95.0884, 95.152, 94.9471, 95.0882, 94.9684, 95.3046, 95.3525, 95.3833, 95.4125, 95.7013, 95.3849, 95.3141, 95.039, 95.0287, 95.1813, 95.0232, 95.1704, 95.6017, 95.5475, 95.5974, 95.5156, 95.6089, 95.7145, 95.5938, 95.3365, 95.3116, 95.4817, 95.3698, 95.3248, 95.2371, 95.4754, 95.3727]","(True, 'SELL')",103,104.98312424952128,95.37274774776888,8,8,1
007,high,27,QJJF,ASSET,CASH,1,134,0.09922944768523581,"[100.0, 100.0372, 99.7089, 99.9293, 99.9024, 100.4392, 100.1217, 100.4108, 100.4973, 100.3926, 100.4439, 100.2845, 100.0886, 100.325, 100.1404, 99.9648, 100.0454, 99.792, 99.9096, 100.045, 99.8288, 100.2536, 100.5129, 100.5467, 100.6167, 100.5696, 100.4016, 100.3143, 100.1853, 100.511, 100.5697, 100.6585, 100.6125, 100.4187, 100.4321, 100.3507, 100.4523, 100.4317, 100.3949, 100.8248, 100.6465, 100.5973, 100.3268, 100.2903, 100.4417, 100.3807, 100.4988, 100.3077, 100.2365, 100.2602, 100.1926, 100.0194, 100.0712, 99.8263, 99.8427, 99.7145, 100.0699, 100.2642, 100.367, 100.3573, 100.4782, 100.4307, 100.1227, 100.2276, 99.897, 100.1143, 99.9502, 99.9664, 100.5213, 100.4522, 100.4264, 100.4027, 100.5946, 100.5259, 100.7588, 100.5225, 100.3744, 100.2588, 100.4735, 100.3646, 100.4432, 100.5589, 100.4601, 100.6224, 100.5825, 100.4944, 100.6998, 100.7005, 100.8229, 100.5963, 100.4362, 100.4558, 100.4831, 100.408, 100.7581, 100.7653, 100.9552, 101.0472, 100.8705, 100.8927, 100.9623, 100.7402, 100.5335, 100.3422, 100.4248, 100.7763, 100.7607, 100.4409, 100.6733, 100.6432, 100.5696, 100.63, 100.2649, 100.3707, 100.5356, 100.6784, 100.8003, 100.6472, 100.658, 100.7928, 100.8018, 100.7891, 100.5248, 100.4097, 100.1755, 100.5284, 100.5466, 100.6144, 100.4382, 100.2227, 100.3128, 100.4729, 100.7318, 100.6329, 110.2633, 110.1856, 110.2387, 109.9953, 110.1074, 109.9605, 110.1276, 110.9614, 110.6539, 110.9936, 110.6939, 110.8743, 110.5624, 110.4999, 110.3992, 110.79, 110.8588, 110.9877, 111.2736, 111.7175, 111.6266, 111.7449, 111.5864, 111.3614, 111.3958, 111.448, 111.2799, 110.974, 110.9171, 111.018, 110.8366, 110.7353, 110.4629, 110.2495, 110.3853, 110.5538, 111.0041, 110.7775, 110.8723, 111.173, 111.1303, 111.1646, 111.2032, 111.5843, 111.3613, 111.3634, 111.1557, 111.1678, 111.1033, 111.8573, 112.0394, 112.284, 112.2012, 112.3095, 112.0858, 112.1287, 112.1876, 112.1944, 112.214, 112.1381, 112.088, 112.2362, 112.2857, 112.3334, 112.0285, 112.0973, 111.8395, 111.5959, 111.6648, 111.926, 111.7579, 111.6572, 111.3797, 111.1057, 110.735, 110.7525, 110.8031, 110.8497, 110.8346, 110.3772, 110.1488, 110.1453, 109.988, 110.1804, 110.062, 110.1246, 109.9745, 109.5808, 109.4103, 109.6845, 109.6791, 109.43, 109.2947, 109.3335, 109.3518, 109.2352, 109.2162, 109.2721, 109.2358, 108.9456, 108.8242, 108.7342, 108.6229, 108.8099, 108.9132, 108.9701, 108.9639, 108.8295, 108.9305, 108.942, 108.3521, 108.6332, 108.6402, 108.4845, 108.362, 108.2177, 108.0108, 107.9153, 107.7118, 107.5004, 107.6002, 107.8694, 107.7182, 107.8713, 107.7195, 107.5409, 107.2744, 107.4712, 107.6081, 107.4884, 107.5559, 107.4184, 107.2756, 107.4726, 107.5153, 107.3311, 107.5305, 107.6611, 107.4484, 107.1627, 107.0243, 107.0848, 107.3042, 107.2419, 106.9468, 107.0962, 107.2357, 107.3591, 107.4697, 108.0666, 107.8679, 107.6421, 108.2017, 108.3691, 108.2881]","(True, 'SELL')",145,110.87425791642603,108.28811974180024,8,8,2
007,high,30,FDYO,ASSET,ASSET,-1,111,-0.0940868066093433,"[100.0, 100.0901, 100.093, 99.9824, 99.8863, 100.1437, 100.0209, 100.2527, 100.5217, 100.7476, 100.9911, 101.1168, 101.0314, 101.2822, 101.3512, 101.1183, 100.9947, 100.9344, 100.6821, 100.7932, 100.6969, 100.7263, 100.7814, 100.7877, 100.8588, 100.7365, 100.6705, 100.7169, 100.7478, 100.926, 101.011, 101.0054, 101.2708, 101.3866, 101.358, 101.2703, 101.375, 101.3412, 101.1888, 101.1524, 101.1406, 100.9622, 100.9103, 100.7297, 100.6798, 100.6102, 100.4776, 100.4183, 100.4133, 100.4921, 100.4112, 100.4756, 100.7059, 100.5723, 100.7076, 100.6503, 100.893, 100.6689, 100.7261, 100.8529, 101.0086, 100.9208, 100.78, 100.8456, 100.855, 100.993, 101.0514, 100.8628, 101.0045, 101.0613, 101.0753, 100.8629, 100.8619, 101.0944, 100.9413, 100.9168, 100.9399, 100.6402, 100.82, 100.8593, 100.8538, 100.8676, 100.8221, 100.8902, 100.9108, 100.9433, 100.755, 100.5357, 100.4345, 100.5533, 100.4331, 100.4303, 100.5024, 100.7269, 100.4892, 100.7893, 100.8601, 101.1712, 101.102, 101.2554, 101.155, 101.1581, 101.0385, 101.3672, 101.4126, 101.4049, 101.5901, 101.7256, 101.8272, 101.655, 101.6742, 92.0967, 92.1483, 92.1998, 92.1226, 92.1942, 92.1392, 91.959, 92.1441, 92.0226, 92.0592, 92.3393, 92.3694, 92.3997, 92.5348, 92.6438, 92.4736, 92.2857, 92.1652, 92.2499, 92.0886, 91.8692, 92.0127, 91.8913, 91.8255, 91.5581, 91.4685, 91.529, 91.4542, 91.5279, 91.5295, 91.5757, 91.86, 91.9976, 92.0852, 91.9713, 91.9789, 92.0032, 91.9659, 92.1012, 92.3097, 92.4296, 92.4027, 92.6499, 92.8437, 92.9269, 92.8377, 92.9103, 92.7981, 92.8651, 92.7643, 92.8311, 92.7514, 92.8734, 93.1305, 93.4093, 93.4304, 93.4973, 93.6603, 93.8622, 94.1095, 94.0636, 93.9656, 94.4622, 94.4783, 94.4546, 94.3584, 94.4836, 94.5945, 94.5814, 94.6997, 94.412, 94.3437, 94.1175, 94.0877, 94.0877, 94.0838, 94.1739, 94.1178, 94.2115, 94.1643, 94.5115, 94.4817, 94.3716, 94.3173, 94.2143, 94.2328, 94.3111, 94.2493, 94.2169, 94.1886, 94.0918, 94.0599, 93.8831, 93.9409, 94.0047, 94.3923, 94.3385, 94.1894, 94.2786, 94.3918, 94.4255, 94.6154, 94.5474, 94.8256, 95.0211, 94.79, 94.8003, 94.8662, 94.8342, 94.482, 94.7092, 94.8476, 94.9068, 94.7612, 94.9105, 94.9727, 95.034, 94.893, 94.8304, 94.6697, 94.7596, 94.8216, 94.9027, 94.839, 94.9333, 94.6691, 95.1029, 95.2243, 95.4307, 95.4997, 95.2388, 95.2803, 95.3673, 95.4028, 95.233, 95.1503, 95.2934, 95.2845, 95.385, 95.2601, 95.282, 95.3209, 95.4818, 95.6221, 95.5769, 95.5758, 95.7717, 95.972, 95.7777, 95.6615, 95.6537, 95.6191, 95.5289, 95.3405, 95.0478, 95.0728, 95.1177, 95.2472, 95.2257, 95.0855, 95.1181, 95.0828, 95.1893, 95.4332, 95.0644, 94.9366, 95.1164, 95.0067, 95.001, 94.9976, 94.8991, 94.7648, 94.7714, 94.7682, 94.7356, 94.9629, 95.0093, 94.8839]","(False, None)",,,94.88393906920547,3,6,8
007,high,32,WIRK,ASSET,ASSET,-1,105,-0.10123993270829132,"[100.0, 99.8763, 100.1563, 100.098, 100.1281, 100.226, 100.2983, 100.321, 100.4257, 100.3448, 100.348, 100.2859, 100.2441, 100.3117, 100.3041, 100.3596, 100.3766, 100.277, 100.2386, 100.3013, 100.3567, 100.3255, 100.294, 100.2356, 100.2538, 100.3704, 100.4305, 100.5924, 100.6311, 100.5193, 100.42, 100.2426, 100.1879, 100.4318, 100.5086, 100.556, 100.7331, 100.7562, 100.7113, 100.6734, 100.6408, 100.8066, 100.7193, 100.7204, 100.68, 100.4033, 100.3826, 100.5958, 100.5915, 100.6056, 100.536, 100.6677, 100.7404, 100.6192, 100.6619, 100.5208, 100.6941, 100.7974, 100.6677, 100.7261, 100.7521, 100.7176, 100.7135, 100.6353, 100.566, 100.5375, 100.5366, 100.5211, 100.3769, 100.5742, 100.3929, 100.3761, 100.2592, 100.0174, 100.2205, 100.2894, 100.1461, 99.9288, 99.9242, 99.982, 99.8867, 99.9755, 100.0215, 100.0292, 100.1298, 100.1051, 100.0818, 100.0336, 99.883, 99.8658, 99.8253, 99.6223, 99.6094, 99.5942, 99.5488, 99.7128, 99.6865, 99.7188, 99.7418, 99.6596, 99.6575, 99.7557, 99.6838, 99.5281, 99.4196, 89.2587, 89.4165, 89.3492, 89.4699, 89.498, 89.5042, 89.5782, 89.6575, 89.6623, 89.7316, 89.7895, 89.7977, 89.746, 89.7949, 89.7838, 89.772, 89.8127, 89.7597, 89.7979, 89.7617, 89.9111, 90.0305, 90.0701, 89.9451, 89.9702, 89.8141, 89.9221, 89.9006, 90.0121, 90.0132, 89.9876, 89.967, 89.9599, 89.9424, 90.2446, 90.2233, 90.1632, 90.1934, 90.4074, 90.4178, 90.5326, 90.7149, 90.732, 90.7922, 90.8921, 90.5781, 90.5965, 90.5717, 90.5689, 90.6227, 90.6769, 90.8058, 91.0039, 90.97, 90.8988, 90.8284, 90.8192, 90.8524, 91.0906, 91.1394, 90.9459, 90.7774, 90.638, 90.7871, 90.8013, 90.6805, 90.8167, 90.877, 90.9452, 90.9111, 90.901, 91.07, 91.1316, 90.956, 90.9666, 90.9657, 90.9462, 90.9444, 90.8944, 90.8437, 90.8271, 90.6896, 90.6858, 90.6467, 90.533, 90.4106, 90.4531, 90.3347, 90.4504, 90.4833, 90.5247, 90.5019, 90.3697, 90.403, 90.4738, 90.4674, 90.2683, 90.1794, 90.1832, 90.1072, 90.1226, 90.2252, 90.3598, 90.3937, 90.2577, 90.1189, 90.0963, 89.9753, 89.9506, 89.769, 89.7223, 89.7623, 89.9713, 89.7843, 89.7512, 89.8901, 89.9815, 89.9736, 90.0714, 90.1477, 90.0856, 90.1167, 90.0857, 90.0361, 89.7721, 89.8157, 89.8338, 89.9076, 89.9624, 89.9086, 89.7437, 89.5283, 89.4962, 89.4172, 89.4372, 89.4747, 89.5044, 89.5614, 89.5574, 89.5734, 89.5187, 89.5911, 89.6178, 89.5306, 89.5463, 89.5877, 89.6033, 89.4541, 89.2652, 89.4266, 89.4662, 89.2636, 89.1888, 89.1273, 89.0287, 88.9534, 88.8398, 88.9009, 88.9615, 88.897, 89.0648, 89.1144, 89.212, 89.2649, 89.1902, 89.2684, 89.2127, 89.3117, 89.3492, 89.3326, 89.4717, 89.5201, 89.581, 89.7442, 89.7765, 89.6988, 89.6195, 89.6008, 89.6077, 89.5533, 89.6722, 89.7136, 89.7604, 89.8287]","(False, None)",,,89.82873982985042,6,4,7
