participant_id,block_id,trial_num,ticker,position,final_position,direction,jump_pct,chart_values,action_taken,action_value,final_value,valence,arousal,regret
006,control,1,LFOS,CASH,ASSET,1,0.08774394169238914,"[1.0, 1.0009, 1.0013, 0.9998, 1.0009, 1.0014, 1.0008, 1.0014, 1.0019, 1.0022, 1.0022, 1.0029, 1.002, 1.0019, 1.0013, 1.002, 1.0021, 1.0017, 1.0009, 1.0006, 1.0006, 1.0003, 1.0017, 1.0029, 0.9998, 0.9977, 0.9975, 0.9971, 0.9973, 0.9976, 0.9999, 0.9987, 0.9983, 1.0006, 1.0013, 1.0021, 1.0015, 0.9997, 0.9998, 1.0, 0.9986, 0.9978, 0.9978, 0.9967, 0.9966, 0.9967, 0.9968, 0.9962, 0.9969, 0.9979, 0.9982, 0.9973, 0.9982, 0.9976, 0.9986, 0.9974, 0.9984, 0.9984, 0.997, 0.9967, 0.9967, 0.9971, 0.996, 0.9947, 0.995, 0.9944, 0.9947, 0.9956, 0.9937, 0.994, 0.9954, 0.9951, 0.9942, 0.995, 0.9953, 0.9963, 0.9959, 0.9943, 0.9942, 0.9937, 0.9945, 0.9948, 0.9929, 0.9916, 0.9926, 0.9934, 0.9927, 0.9927, 0.9932, 0.9937, 0.9947, 0.995, 0.9949, 0.9946, 0.9958, 0.9933, 0.9931, 0.9932, 0.9916, 0.992, 0.9912, 0.9922, 0.9921, 0.9928, 0.9942, 0.9946, 0.9937, 0.992, 0.9939, 0.9938, 0.9931, 0.9932, 0.993, 0.994, 0.994, 0.994, 0.9932, 0.9938, 0.9926, 0.9934, 0.9951, 0.9934, 0.9906, 0.9913, 0.9942, 0.9931, 0.9917, 0.9923, 0.9914, 0.9909, 0.9905, 0.9911, 0.9906, 0.9909, 0.9908, 0.9898, 0.9895, 0.9884, 0.9884, 0.9872, 0.986, 0.9876, 0.9875, 0.9875, 0.9881, 0.9876, 1.074, 1.0745, 1.0749, 1.0735, 1.0745, 1.0738, 1.0725, 1.0714, 1.071, 1.0729, 1.0715, 1.0717, 1.0691, 1.0692, 1.0702, 1.07, 1.0692, 1.0695, 1.0703, 1.0712, 1.0735, 1.0738, 1.0731, 1.0729, 1.0729, 1.073, 1.073, 1.0732, 1.0712, 1.0722, 1.0715, 1.0701, 1.0709, 1.0725, 1.0731, 1.0733, 1.0721, 1.0756, 1.0767, 1.0753, 1.0744, 1.0745, 1.0726, 1.0728, 1.0723, 1.0738, 1.0749, 1.0717, 1.0717, 1.0698, 1.0711, 1.0713, 1.072, 1.0707, 1.0729, 1.0754, 1.0741, 1.0746, 1.0738, 1.0737, 1.0722, 1.0745, 1.0733, 1.073, 1.0736, 1.0728, 1.0725, 1.0718, 1.0717, 1.0703, 1.0698, 1.0695, 1.0691, 1.0692, 1.0689, 1.0698, 1.0694, 1.0692, 1.0684, 1.0678, 1.0663, 1.0669, 1.0656, 1.0647, 1.0651, 1.0656, 1.0651, 1.0627, 1.0632, 1.0635, 1.0619, 1.0628, 1.062, 1.0606, 1.0607, 1.0605, 1.0608, 1.0589, 1.061, 1.0603, 1.0585, 1.0592, 1.0588, 1.0592, 1.0588, 1.0588, 1.0591, 1.0582, 1.059, 1.0584, 1.0574, 1.0575, 1.058, 1.0578, 1.0568, 1.0575, 1.0554, 1.0542, 1.0542, 1.0526, 1.0527, 1.0526, 1.0537, 1.0526, 1.0519, 1.0523, 1.0494, 1.0531, 1.0522, 1.0514, 1.0524, 1.0524, 1.0503, 1.051, 1.052, 1.0515, 1.0512, 1.0518, 1.0507, 1.0512, 1.0515, 1.0507, 1.049]","(True, 'BUY')",1.071180673088824,1.0490219999543249,5,4,4
006,control,2,ZQOR,ASSET,CASH,1,0.09507095805365744,"[1.0, 0.9993, 0.9987, 0.9953, 0.9979, 0.9996, 0.9992, 1.0003, 1.0007, 1.0, 1.0014, 1.001, 1.0006, 0.9995, 1.0002, 1.0001, 1.0009, 1.0001, 1.0003, 0.9991, 1.0003, 1.0006, 1.0011, 1.0018, 1.0004, 1.0015, 1.0045, 1.0022, 0.9998, 0.9977, 0.9989, 0.9991, 1.0007, 1.0018, 1.0021, 1.0025, 1.0023, 1.0036, 1.0021, 1.0015, 1.0019, 1.0045, 1.0034, 1.0019, 1.0012, 1.0026, 1.0023, 1.0042, 1.0016, 1.0032, 1.0048, 1.0028, 1.003, 1.0048, 1.005, 1.0064, 1.0099, 1.0103, 1.01, 1.0089, 1.0099, 1.0096, 1.0094, 1.0093, 1.0103, 1.0088, 1.0066, 1.0032, 1.0049, 1.0051, 1.0073, 1.0073, 1.0063, 1.007, 1.0069, 1.0052, 1.004, 1.0065, 1.0071, 1.0077, 1.0074, 1.0064, 1.0077, 1.0076, 1.0066, 1.0064, 1.0052, 1.0055, 1.1029, 1.1016, 1.1039, 1.1029, 1.1032, 1.1019, 1.1016, 1.1017, 1.1011, 1.1, 1.099, 1.0978, 1.0954, 1.095, 1.0957, 1.0971, 1.0982, 1.1021, 1.1026, 1.1019, 1.1049, 1.1033, 1.1049, 1.1034, 1.104, 1.101, 1.1024, 1.1022, 1.1008, 1.1034, 1.1047, 1.1048, 1.1037, 1.1037, 1.1034, 1.1046, 1.1059, 1.1049, 1.1041, 1.1033, 1.1012, 1.1004, 1.1003, 1.1014, 1.1035, 1.1023, 1.1032, 1.1025, 1.1058, 1.1058, 1.1066, 1.1052, 1.104, 1.1043, 1.1038, 1.1044, 1.102, 1.103, 1.1017, 1.1044, 1.104, 1.1058, 1.1036, 1.1044, 1.103, 1.1023, 1.1024, 1.1019, 1.1024, 1.1036, 1.1047, 1.1046, 1.1025, 1.1012, 1.101, 1.0977, 1.0989, 1.0986, 1.0982, 1.0998, 1.1009, 1.1013, 1.0997, 1.1003, 1.1008, 1.0995, 1.1012, 1.102, 1.099, 1.0992, 1.0973, 1.0991, 1.1004, 1.0987, 1.0974, 1.0976, 1.0973, 1.0997, 1.1009, 1.1005, 1.1014, 1.0983, 1.0988, 1.1002, 1.1, 1.0989, 1.0999, 1.103, 1.1033, 1.1016, 1.1039, 1.101, 1.1019, 1.101, 1.1025, 1.1012, 1.1033, 1.1038, 1.1012, 1.0981, 1.0977, 1.0998, 1.1, 1.1001, 1.0998, 1.101, 1.1017, 1.1021, 1.1006, 1.1025, 1.1047, 1.1027, 1.1064, 1.1076, 1.1068, 1.1039, 1.105, 1.1059, 1.105, 1.1022, 1.104, 1.1032, 1.1025, 1.107, 1.1104, 1.1119, 1.1113, 1.1123, 1.1088, 1.109, 1.1078, 1.1058, 1.1034, 1.1043, 1.1045, 1.1047, 1.1061, 1.1048, 1.1029, 1.1002, 1.0997, 1.1009, 1.1008, 1.1018, 1.1, 1.0993, 1.0982, 1.0963, 1.0992, 1.1006, 1.0994, 1.0983, 1.0982, 1.096, 1.0967, 1.0948, 1.0942, 1.0927, 1.092, 1.09, 1.0876, 1.0861, 1.0851, 1.0847, 1.0848, 1.0873, 1.0886, 1.0882, 1.0894, 1.0883, 1.0906, 1.0915, 1.0895, 1.0907, 1.092, 1.0879, 1.0868, 1.0861, 1.0831, 1.0815, 1.0801]","(True, 'SELL')",1.1066271608169753,1.0801256070269247,5,5,5
006,control,3,MFKB,CASH,CASH,-1,-0.0920413981937772,"[1.0, 0.9947, 0.9953, 0.994, 0.9929, 0.9923, 0.9881, 0.9875, 0.9856, 0.992, 0.9922, 0.9913, 0.9906, 0.9891, 0.9868, 0.9858, 0.9866, 0.9859, 0.9877, 0.9871, 0.9869, 0.9898, 0.9907, 0.9895, 0.989, 0.9899, 0.9935, 0.9928, 0.9921, 0.9939, 0.992, 0.9912, 0.9928, 0.9937, 0.9937, 0.9949, 0.9891, 0.9909, 0.9888, 0.9853, 0.9857, 0.9869, 0.9858, 0.9835, 0.9834, 0.9831, 0.9857, 0.8961, 0.8963, 0.8981, 0.8976, 0.8957, 0.8966, 0.8975, 0.897, 0.8954, 0.8956, 0.891, 0.892, 0.8927, 0.8896, 0.8896, 0.8877, 0.8889, 0.8851, 0.8833, 0.8844, 0.8863, 0.8823, 0.8812, 0.8816, 0.8804, 0.8831, 0.8808, 0.8812, 0.8792, 0.8815, 0.8813, 0.8805, 0.8773, 0.8801, 0.8813, 0.8824, 0.8843, 0.8847, 0.8834, 0.8819, 0.8803, 0.8825, 0.8798, 0.8786, 0.8778, 0.8781, 0.8789, 0.8765, 0.8733, 0.8732, 0.8751, 0.8763, 0.8765, 0.8758, 0.8761, 0.8755, 0.8768, 0.8752, 0.8753, 0.8749, 0.8757, 0.876, 0.8803, 0.8828, 0.8853, 0.8815, 0.8807, 0.8795, 0.8802, 0.8761, 0.878, 0.8797, 0.8772, 0.8753, 0.8738, 0.8737, 0.8746, 0.8781, 0.8775, 0.8787, 0.8788, 0.8818, 0.8829, 0.8852, 0.8831, 0.8826, 0.881, 0.8835, 0.8845, 0.8838, 0.8828, 0.8835, 0.8821, 0.8803, 0.881, 0.8852, 0.8846, 0.8834, 0.8812, 0.8786, 0.8794, 0.8807, 0.8806, 0.881, 0.881, 0.8811, 0.8783, 0.8773, 0.8773, 0.8758, 0.8748, 0.8732, 0.8724, 0.8738, 0.8729, 0.8724, 0.8737, 0.8747, 0.8775, 0.8736, 0.875, 0.874, 0.874, 0.8753, 0.8771, 0.8787, 0.8789, 0.8815, 0.8809, 0.8804, 0.8817, 0.8806, 0.8842, 0.8859, 0.8896, 0.8893, 0.8885, 0.8886, 0.8898, 0.8885, 0.8891, 0.8889, 0.8916, 0.8902, 0.8919, 0.8906, 0.8887, 0.8873, 0.885, 0.8851, 0.8868, 0.8869, 0.8878, 0.8906, 0.8909, 0.8911, 0.8904, 0.8874, 0.8886, 0.8853, 0.8863, 0.8861, 0.8879, 0.8876, 0.886, 0.8864, 0.8853, 0.8848, 0.8847, 0.8843, 0.8838, 0.8821, 0.8816, 0.8777, 0.8773, 0.875, 0.8768, 0.8789, 0.8753, 0.8753, 0.875, 0.873, 0.8737, 0.8727, 0.8695, 0.8689, 0.8684, 0.8685, 0.8661, 0.8671, 0.8682, 0.866, 0.8647, 0.8644, 0.8633, 0.8661, 0.8663, 0.8644, 0.8629, 0.8626, 0.8664, 0.866, 0.866, 0.8667, 0.8665, 0.8703, 0.8692, 0.8704, 0.8705, 0.8714, 0.8692, 0.8721, 0.8717, 0.8716, 0.8698, 0.8684, 0.8692, 0.8708, 0.8719, 0.8739, 0.8749, 0.8748, 0.8761, 0.877, 0.8767, 0.8778, 0.8799, 0.8801, 0.8793, 0.8804, 0.8836, 0.8831, 0.8828, 0.8824, 0.8844, 0.8809, 0.8814, 0.8834, 0.8818, 0.8842, 0.885, 0.8839]","(False, None)",,0.8838671149586005,3,7,4
006,control,4,BDQT,CASH,ASSET,1,0.0834858280902623,"[1.0, 0.9999, 1.0029, 1.0042, 1.0016, 1.0018, 1.0009, 1.0013, 0.9988, 0.9994, 1.0, 1.0028, 1.0035, 1.0046, 1.0022, 1.0062, 1.0032, 1.0052, 1.0048, 1.0035, 1.0026, 1.0016, 1.0025, 1.0025, 1.0052, 1.0022, 1.0024, 1.0011, 1.0026, 0.9992, 0.9988, 0.9993, 0.997, 0.9988, 0.9993, 1.0012, 1.003, 1.0015, 1.0004, 1.0002, 1.0017, 1.0033, 1.0023, 1.0014, 1.0002, 0.9994, 0.9992, 0.9992, 1.0029, 1.0022, 1.0019, 1.0028, 1.0014, 1.001, 1.0012, 1.0027, 1.0006, 1.0031, 1.0027, 1.0032, 1.0048, 1.0061, 1.0081, 1.0086, 1.0087, 1.0094, 1.0079, 1.0102, 1.009, 1.0071, 1.0108, 1.0107, 1.0089, 1.0123, 1.0119, 1.0139, 1.0126, 1.0124, 1.0097, 1.0066, 1.0051, 1.0052, 1.0067, 1.0111, 1.0095, 1.0114, 1.0105, 1.0105, 1.0081, 1.0058, 1.0046, 1.0028, 1.003, 1.002, 1.0043, 1.0047, 1.0052, 1.0073, 1.0084, 1.0085, 1.0085, 1.0085, 1.0105, 1.012, 1.0129, 1.0144, 1.0137, 1.0147, 1.0125, 1.015, 1.0153, 1.0158, 1.017, 1.0172, 1.017, 1.0192, 1.0196, 1.0182, 1.0191, 1.0164, 1.0194, 1.0193, 1.0196, 1.0237, 1.0276, 1.028, 1.0293, 1.0313, 1.0345, 1.0344, 1.0349, 1.0372, 1.0379, 1.0394, 1.0406, 1.0388, 1.0375, 1.0331, 1.0328, 1.0353, 1.0336, 1.0359, 1.0379, 1.038, 1.0382, 1.0385, 1.0372, 1.0369, 1.037, 1.0382, 1.0398, 1.0387, 1.0403, 1.0392, 1.039, 1.0399, 1.04, 1.04, 1.0407, 1.0399, 1.0389, 1.0388, 1.0406, 1.0406, 1.0442, 1.0448, 1.0397, 1.0391, 1.0423, 1.0425, 1.0419, 1.0405, 1.043, 1.045, 1.0464, 1.0473, 1.0501, 1.0517, 1.0498, 1.0513, 1.0518, 1.0518, 1.0534, 1.0536, 1.0486, 1.0515, 1.0536, 1.0535, 1.0531, 1.0537, 1.0516, 1.0523, 1.0521, 1.0517, 1.0502, 1.0492, 1.0513, 1.0539, 1.055, 1.0551, 1.0537, 1.0552, 1.0583, 1.0556, 1.0579, 1.0542, 1.0538, 1.0547, 1.0524, 1.0499, 1.0504, 1.0522, 1.0515, 1.0541, 1.0529, 1.0563, 1.0567, 1.0573, 1.0586, 1.0593, 1.0629, 1.067, 1.0682, 1.0681, 1.0662, 1.065, 1.0652, 1.0652, 1.0653, 1.0656, 1.0666, 1.0644, 1.0627, 1.065, 1.0667, 1.0659, 1.0684, 1.0674, 1.0671, 1.064, 1.0658, 1.0659, 1.0681, 1.0695, 1.0699, 1.0704, 1.1624, 1.1623, 1.1622, 1.1626, 1.1644, 1.1665, 1.1705, 1.1706, 1.1734, 1.1723, 1.1738, 1.1744, 1.1781, 1.1796, 1.179, 1.1805, 1.1815, 1.1811, 1.1808, 1.1793, 1.1851, 1.1857, 1.188, 1.1859, 1.1841, 1.1841, 1.1841, 1.186, 1.1843, 1.1857, 1.1891, 1.1876, 1.1897, 1.1881, 1.1891, 1.1902, 1.194, 1.1929, 1.1936, 1.196, 1.194, 1.1943, 1.1928]","(True, 'BUY')",1.05420887971478,1.192823393620828,6,7,5
006,control,5,HQPD,ASSET,CASH,1,0.09069787872574812,"[1.0, 0.9981, 0.9976, 0.9981, 0.9995, 0.9995, 0.9986, 0.9974, 0.9983, 1.0004, 1.0006, 0.9988, 0.9974, 0.9995, 0.9996, 0.9971, 0.9969, 0.9952, 0.9942, 0.9935, 0.9924, 0.993, 0.9928, 0.9919, 0.9923, 0.9933, 0.9909, 0.9905, 0.989, 0.9887, 0.9868, 0.9867, 0.9866, 0.986, 0.9845, 0.9839, 0.9823, 0.9804, 0.9805, 0.9789, 0.9804, 0.9812, 0.9784, 0.9786, 0.9771, 0.977, 0.9769, 0.9742, 0.9737, 0.9733, 0.9744, 0.9727, 0.9736, 0.972, 0.9715, 0.9702, 0.972, 0.9726, 0.9757, 0.9764, 0.9774, 0.9784, 0.9775, 0.9773, 0.9789, 0.9783, 0.9784, 0.9783, 0.979, 0.9783, 0.978, 0.9782, 0.9782, 0.977, 0.978, 0.9762, 0.9745, 0.9727, 0.9738, 0.9732, 0.9718, 0.9702, 0.9706, 0.9691, 0.9673, 0.968, 0.9663, 0.9658, 0.9657, 0.9649, 0.9648, 0.9664, 0.9656, 0.9638, 0.9613, 0.9609, 0.9603, 0.9606, 0.9598, 0.9591, 0.958, 0.9572, 0.9573, 0.9567, 0.9567, 0.9591, 0.9596, 0.9574, 0.9595, 0.9599, 0.9585, 0.9596, 0.9595, 0.9585, 0.9576, 0.9562, 0.9561, 0.9574, 0.9569, 0.9573, 0.9596, 0.9579, 0.9581, 0.9576, 0.9561, 0.9546, 0.9545, 0.9549, 0.9541, 0.9541, 0.9549, 0.9552, 0.9562, 0.9566, 0.9571, 0.9594, 0.9601, 0.9601, 0.9609, 0.9596, 0.9591, 0.96, 0.9607, 0.9625, 0.9624, 0.9604, 0.9628, 0.9641, 0.9626, 0.9643, 0.9642, 0.9617, 0.9611, 0.9603, 0.9622, 0.9611, 0.9606, 0.9601, 0.9595, 0.9582, 0.9584, 0.9597, 0.9603, 0.959, 0.9574, 0.9574, 0.9564, 0.9555, 0.9532, 0.9556, 0.9566, 0.9553, 0.9563, 0.9579, 0.9547, 0.9539, 0.9533, 0.954, 0.9537, 0.9533, 0.9531, 0.9554, 0.958, 0.9572, 0.9559, 0.9593, 0.9579, 0.957, 0.957, 0.9575, 0.9587, 0.9591, 0.9578, 0.9583, 0.9585, 0.9609, 0.9607, 0.9589, 0.9574, 0.9591, 0.9583, 0.9555, 0.9546, 0.9545, 0.9559, 0.9545, 0.9552, 0.9561, 0.9551, 0.9547, 0.9569, 0.959, 0.96, 0.9603, 1.0489, 1.0485, 1.0483, 1.0469, 1.0468, 1.0465, 1.0503, 1.0499, 1.0516, 1.0533, 1.0529, 1.0545, 1.0512, 1.0513, 1.0523, 1.0488, 1.047, 1.0484, 1.0479, 1.0462, 1.0455, 1.0446, 1.0455, 1.046, 1.0455, 1.0444, 1.0442, 1.046, 1.0463, 1.0471, 1.0468, 1.0448, 1.0437, 1.0444, 1.0445, 1.0431, 1.0406, 1.0407, 1.0401, 1.0394, 1.0388, 1.0391, 1.0394, 1.0406, 1.0418, 1.0435, 1.0445, 1.0439, 1.0437, 1.0443, 1.0437, 1.0444, 1.0459, 1.0446, 1.042, 1.0435, 1.0434, 1.0443, 1.0423, 1.0446, 1.0455, 1.0452, 1.0445, 1.0446, 1.0442, 1.0437, 1.042, 1.0436, 1.0434, 1.0434, 1.0434, 1.0399, 1.0406, 1.04, 1.0394]","(True, 'SELL')",1.0447962327924758,1.0394178071711708,5,7,5
006,control,6,OXWM,CASH,ASSET,1,0.0687650429057994,"[1.0, 1.0026, 0.9988, 0.9986, 1.0, 1.002, 1.003, 1.0052, 1.0056, 1.0064, 1.0066, 1.005, 1.0037, 1.0042, 1.0034, 1.0052, 1.0071, 1.0098, 1.0097, 1.0118, 1.0104, 1.0092, 1.0092, 1.0096, 1.0072, 1.0046, 1.0051, 1.0038, 1.0056, 1.0061, 1.0066, 1.0069, 1.0082, 1.0079, 1.0095, 1.0087, 1.0083, 1.0073, 1.0082, 1.0082, 1.0069, 1.0098, 1.0093, 1.0091, 1.0096, 1.0122, 1.012, 1.013, 1.0131, 1.0109, 1.0121, 1.0136, 1.0132, 1.0132, 1.0109, 1.0086, 1.0079, 1.0089, 1.0081, 1.0085, 1.01, 1.0101, 1.0109, 1.0131, 1.0112, 1.0123, 1.0094, 1.01, 1.0103, 1.0095, 1.0078, 1.0077, 1.0071, 1.0072, 1.0058, 1.0066, 1.005, 1.0045, 1.0039, 1.0058, 1.0035, 1.0029, 1.0046, 1.0036, 1.0017, 1.0021, 1.0017, 1.0029, 1.0015, 1.0018, 1.0027, 1.0042, 1.0026, 1.0047, 1.0033, 1.001, 0.9996, 0.9998, 0.9993, 0.9999, 1.0006, 1.0011, 1.0006, 1.0033, 1.0, 0.9974, 0.9966, 0.9947, 0.9909, 0.9897, 0.9886, 0.985, 0.9862, 0.9881, 0.9899, 0.9891, 0.9893, 0.9877, 0.9879, 0.9869, 0.9875, 0.987, 0.9885, 0.9896, 0.9914, 0.9891, 0.9864, 0.9869, 0.9861, 0.9866, 0.987, 0.9873, 0.9886, 0.9894, 0.99, 0.9887, 0.9912, 0.9914, 0.993, 0.9934, 0.9953, 0.9955, 0.9958, 0.996, 0.9949, 0.994, 0.9938, 0.9936, 0.9921, 0.9956, 0.9941, 0.9936, 1.0658, 1.0647, 1.0659, 1.0669, 1.0665, 1.0642, 1.0618, 1.0617, 1.0624, 1.0589, 1.0592, 1.0581, 1.0595, 1.0597, 1.0584, 1.0577, 1.0578, 1.0599, 1.0647, 1.0652, 1.0654, 1.0665, 1.0666, 1.0677, 1.0684, 1.0685, 1.0673, 1.0677, 1.0693, 1.0695, 1.072, 1.0736, 1.0736, 1.0765, 1.0748, 1.0768, 1.0799, 1.0796, 1.0796, 1.0813, 1.0837, 1.0846, 1.0851, 1.0868, 1.0873, 1.0856, 1.0854, 1.0856, 1.0833, 1.0841, 1.0831, 1.0844, 1.0822, 1.0809, 1.0787, 1.0809, 1.0831, 1.0857, 1.0882, 1.0898, 1.0915, 1.0889, 1.0896, 1.0889, 1.0886, 1.0867, 1.089, 1.0894, 1.0872, 1.0882, 1.0882, 1.0867, 1.0863, 1.0851, 1.0815, 1.0791, 1.08, 1.0805, 1.081, 1.0791, 1.0781, 1.0782, 1.0792, 1.0779, 1.0761, 1.0779, 1.078, 1.0774, 1.0762, 1.0751, 1.0776, 1.0791, 1.0784, 1.0764, 1.079, 1.0815, 1.0834, 1.0848, 1.0817, 1.0796, 1.0805, 1.08, 1.0804, 1.0795, 1.0784, 1.0793, 1.0786, 1.0786, 1.0789, 1.0793, 1.0811, 1.0833, 1.0811, 1.0806, 1.0795, 1.0807, 1.079, 1.0802, 1.0813, 1.0822, 1.0806, 1.0802, 1.0784, 1.079, 1.0805, 1.0781, 1.0767, 1.0764, 1.0755, 1.0779, 1.0776, 1.078, 1.0762, 1.0786, 1.0788, 1.0801, 1.0802]","(True, 'BUY')",1.080464307659631,1.080165374751275,5,5,5
006,control,7,OBZV,ASSET,CASH,1,0.08610569695124615,"[1.0, 1.0003, 0.9999, 0.9987, 0.9981, 0.9969, 0.9969, 0.9984, 0.9978, 0.9969, 0.9975, 0.9978, 0.9979, 0.9967, 0.9966, 0.9974, 0.9957, 0.9951, 0.9927, 0.9911, 0.9888, 0.9885, 0.9869, 0.9871, 0.9873, 0.987, 0.9839, 0.9832, 0.9831, 0.9831, 0.9812, 0.9806, 0.9794, 0.9784, 0.9796, 0.9785, 0.9784, 0.9794, 0.9787, 0.9785, 0.9785, 0.9785, 0.977, 0.977, 0.9786, 0.9767, 0.9776, 0.9777, 0.9769, 0.9792, 0.98, 0.9785, 0.9786, 0.9792, 0.9789, 0.9796, 0.9795, 0.9802, 0.9819, 0.981, 0.9812, 0.9806, 0.9807, 0.9792, 0.9784, 0.9781, 0.9791, 0.9804, 0.9788, 0.9778, 0.9785, 0.976, 0.9754, 0.9753, 0.9767, 0.9774, 0.977, 0.9765, 0.9761, 0.9779, 0.9773, 0.9769, 0.9772, 0.977, 0.9767, 0.9753, 0.9752, 0.9747, 0.976, 0.9767, 0.9766, 0.9773, 0.9768, 0.978, 0.978, 0.9786, 0.977, 0.9773, 0.9753, 0.9728, 0.9724, 0.9712, 0.9714, 0.974, 0.9729, 0.9721, 0.9723, 0.9728, 0.9725, 0.9722, 0.973, 0.9735, 0.9722, 0.9721, 0.9721, 0.9708, 0.971, 0.9699, 0.971, 0.9712, 0.9712, 0.9704, 0.9702, 0.9678, 0.9664, 0.9668, 0.9642, 0.9652, 0.9631, 0.9639, 0.9628, 0.9637, 0.9638, 0.9619, 0.9633, 0.9649, 0.9648, 0.9644, 0.9641, 0.9629, 0.9642, 0.9635, 0.9633, 0.9623, 0.9615, 0.96, 0.9614, 0.9612, 0.9622, 0.9622, 0.9613, 0.9608, 0.9601, 0.9601, 0.9596, 0.9592, 0.9575, 0.9565, 0.9584, 0.9575, 0.9562, 0.9565, 0.9581, 0.9564, 0.9561, 0.9553, 0.9532, 0.9539, 0.9539, 0.9539, 0.9529, 0.9534, 0.9527, 1.0345, 1.033, 1.0315, 1.0331, 1.0324, 1.0326, 1.0325, 1.0319, 1.0312, 1.0319, 1.0315, 1.0312, 1.0312, 1.0326, 1.0334, 1.0338, 1.033, 1.0312, 1.0323, 1.0335, 1.0332, 1.0338, 1.0348, 1.0357, 1.0368, 1.0362, 1.038, 1.0364, 1.0374, 1.0379, 1.039, 1.0413, 1.0431, 1.0416, 1.0394, 1.0403, 1.039, 1.0389, 1.0399, 1.0377, 1.035, 1.0353, 1.0353, 1.0349, 1.0349, 1.0337, 1.0317, 1.0315, 1.0302, 1.0281, 1.0286, 1.0285, 1.0289, 1.0276, 1.0267, 1.0254, 1.0242, 1.0244, 1.0234, 1.0238, 1.0241, 1.0266, 1.0248, 1.0258, 1.0256, 1.0255, 1.0237, 1.023, 1.0239, 1.0237, 1.0237, 1.0233, 1.0247, 1.0246, 1.0218, 1.0208, 1.0183, 1.0143, 1.0135, 1.0151, 1.0151, 1.0136, 1.0124, 1.0137, 1.0138, 1.0138, 1.0137, 1.0137, 1.0146, 1.0152, 1.0154, 1.014, 1.0146, 1.0137, 1.015, 1.0133, 1.0131, 1.013, 1.0113, 1.0134, 1.0151, 1.0145, 1.0154, 1.0158, 1.0125, 1.0127, 1.0126, 1.0126, 1.0112, 1.0108, 1.0105, 1.0119, 1.0123, 1.0122, 1.014, 1.0133]","(True, 'SELL')",1.0254150002530407,1.0132527469378165,5,5,5
006,control,8,LNDF,ASSET,ASSET,-1,-0.0880162490551243,"[1.0, 0.9981, 0.9962, 0.9957, 0.9925, 0.9922, 0.9909, 0.9922, 0.9935, 0.9955, 0.9966, 0.9966, 0.9978, 0.9999, 0.999, 0.9999, 0.9999, 1.0019, 1.0008, 1.0003, 1.0009, 1.0013, 0.9989, 0.9995, 0.9993, 0.999, 0.9988, 0.9991, 0.9966, 0.9988, 0.9976, 0.9944, 0.9943, 0.9964, 0.9957, 0.9979, 1.0001, 0.9989, 0.9954, 0.9937, 0.9954, 0.9943, 0.9921, 0.9903, 0.9903, 0.9903, 0.9915, 0.9929, 0.9916, 0.9914, 0.9898, 0.99, 0.9884, 0.9867, 0.9897, 0.9898, 0.9907, 0.9943, 0.9954, 0.9952, 0.9953, 0.9943, 0.9959, 0.9954, 0.9979, 0.9974, 0.997, 0.9964, 0.9973, 0.9976, 0.9995, 0.9987, 0.9992, 1.0019, 1.0016, 1.0024, 1.0046, 1.0054, 1.0046, 1.0016, 1.0051, 1.0057, 1.0075, 1.0068, 1.0095, 1.0102, 1.0103, 1.009, 1.0096, 1.0089, 1.0086, 1.0063, 1.0056, 1.0058, 1.0041, 1.0042, 1.0052, 1.0047, 1.0039, 1.003, 1.0044, 1.0022, 1.0018, 0.9131, 0.9133, 0.9132, 0.9118, 0.9144, 0.9147, 0.913, 0.9118, 0.912, 0.9128, 0.911, 0.912, 0.9102, 0.9092, 0.9103, 0.9125, 0.9124, 0.9121, 0.9137, 0.9123, 0.9127, 0.913, 0.9144, 0.9148, 0.9144, 0.9152, 0.9138, 0.9149, 0.914, 0.9128, 0.9124, 0.9124, 0.9134, 0.9131, 0.9141, 0.9154, 0.9152, 0.914, 0.9152, 0.9156, 0.9128, 0.9116, 0.9118, 0.91, 0.9092, 0.907, 0.9075, 0.9078, 0.9081, 0.9099, 0.9095, 0.9091, 0.9118, 0.9101, 0.9111, 0.9094, 0.9097, 0.9124, 0.9128, 0.9118, 0.9149, 0.9142, 0.914, 0.9144, 0.9127, 0.9141, 0.9162, 0.9172, 0.9177, 0.9175, 0.9187, 0.9146, 0.9144, 0.9148, 0.9122, 0.9128, 0.9126, 0.9126, 0.9128, 0.9135, 0.9141, 0.9128, 0.9127, 0.9124, 0.9125, 0.9118, 0.913, 0.9147, 0.9167, 0.9192, 0.9212, 0.9206, 0.9198, 0.9193, 0.92, 0.9199, 0.9212, 0.9234, 0.9228, 0.9241, 0.9236, 0.922, 0.9203, 0.9199, 0.9175, 0.9181, 0.9201, 0.9186, 0.9182, 0.9202, 0.9207, 0.921, 0.9206, 0.922, 0.9224, 0.921, 0.9179, 0.9144, 0.9153, 0.9149, 0.9168, 0.9175, 0.9159, 0.9163, 0.9178, 0.9167, 0.916, 0.9183, 0.916, 0.9146, 0.916, 0.9163, 0.9148, 0.9129, 0.9136, 0.9151, 0.9162, 0.9168, 0.9187, 0.9192, 0.9181, 0.9208, 0.9192, 0.919, 0.9189, 0.9208, 0.9198, 0.9195, 0.9172, 0.9176, 0.9182, 0.9191, 0.9179, 0.9182, 0.9171, 0.9165, 0.9164, 0.9181, 0.9175, 0.9178, 0.9167, 0.9159, 0.915, 0.9148, 0.9158, 0.9144, 0.9154, 0.9141, 0.9146, 0.9139, 0.9135, 0.913, 0.9144, 0.9147, 0.9161, 0.9156, 0.9153, 0.9174, 0.9152, 0.9141, 0.9138, 0.9162, 0.9153, 0.9164, 0.9184, 0.9181]","(False, None)",,0.9180790133442402,5,5,5
006,control,9,ITKM,ASSET,CASH,-1,-0.08239330468896285,"[1.0, 1.0006, 0.9974, 0.9989, 1.0014, 1.0006, 1.0016, 1.0023, 1.0016, 1.0, 0.996, 0.999, 0.9991, 1.0044, 1.0062, 1.0069, 1.0057, 1.0087, 1.0078, 1.0112, 1.0105, 1.011, 1.0081, 1.013, 1.013, 1.0123, 1.0141, 1.0124, 1.0142, 1.0119, 1.0132, 1.0112, 1.0076, 1.0065, 1.0037, 1.0049, 1.0051, 1.0063, 1.0066, 1.0061, 1.0063, 1.0086, 1.0083, 1.0069, 1.0051, 1.0048, 1.0034, 1.0074, 1.0051, 1.0031, 1.0026, 1.0041, 1.0037, 1.0019, 1.0004, 0.9998, 1.0019, 1.0001, 1.0001, 0.999, 0.9998, 1.0007, 0.9979, 1.0029, 1.0034, 1.0025, 1.0008, 1.0005, 1.0007, 1.002, 1.0022, 1.0033, 1.0002, 0.9988, 0.9969, 0.9974, 0.9985, 0.9956, 0.9955, 0.9971, 0.9991, 0.997, 0.9982, 0.9991, 0.9983, 1.0025, 1.0003, 0.9999, 1.001, 1.0016, 1.0014, 1.0044, 1.0075, 1.0095, 1.0117, 1.0117, 1.0095, 1.0141, 1.0123, 1.017, 1.0169, 1.0175, 1.0173, 1.0195, 1.0186, 1.0225, 1.0238, 1.0243, 1.0233, 1.024, 1.0241, 1.0282, 1.0303, 1.0272, 1.0306, 1.0258, 1.0291, 1.0253, 1.0255, 1.0273, 1.0275, 1.0253, 1.0281, 1.0245, 1.0216, 1.0246, 1.023, 1.0237, 1.0255, 1.0254, 1.0261, 1.0265, 1.0271, 1.0298, 1.0319, 1.0327, 1.0348, 1.0338, 1.0323, 1.0304, 1.0322, 1.0357, 1.0361, 1.0321, 1.0311, 1.0323, 1.033, 1.0334, 1.0356, 1.0377, 1.035, 1.0361, 1.0347, 1.0353, 1.0381, 1.0421, 1.0438, 1.0428, 1.0423, 1.0435, 1.0416, 1.0416, 1.043, 1.0451, 1.0447, 1.0456, 1.0486, 1.0494, 1.0459, 1.0465, 1.0472, 1.0465, 1.0467, 1.0438, 1.0466, 1.0476, 1.0466, 1.0473, 1.0477, 1.046, 1.0405, 1.0347, 1.0391, 1.0369, 1.0364, 1.0378, 1.0371, 1.0398, 1.038, 1.0393, 1.0351, 1.0367, 1.0383, 1.0392, 1.04, 1.0407, 1.0427, 1.0449, 1.0431, 1.0454, 1.0436, 1.0441, 1.0437, 1.0449, 1.0443, 1.0453, 1.0445, 1.0426, 1.045, 1.0464, 1.0476, 1.0498, 1.0477, 1.0498, 1.0477, 1.0487, 1.0484, 1.0492, 1.0508, 1.051, 1.0492, 1.0513, 1.054, 1.0556, 1.058, 1.0544, 1.0547, 1.0546, 1.0506, 0.9644, 0.9645, 0.9617, 0.9602, 0.9605, 0.9618, 0.9633, 0.9613, 0.9594, 0.9585, 0.9586, 0.9576, 0.9574, 0.9589, 0.9603, 0.9608, 0.9587, 0.9579, 0.9591, 0.9609, 0.9631, 0.9612, 0.9604, 0.9582, 0.9527, 0.9507, 0.9474, 0.9503, 0.9513, 0.9502, 0.9505, 0.9514, 0.9549, 0.9566, 0.9597, 0.9608, 0.9635, 0.9664, 0.9684, 0.9686, 0.9709, 0.9703, 0.9733, 0.9729, 0.9717, 0.9756, 0.9749, 0.9754, 0.9735, 0.9722, 0.9717, 0.9699, 0.9725, 0.9712, 0.9689, 0.9713, 0.9728, 0.9684, 0.9674, 0.9695]","(True, 'SELL')",1.0392926501282915,0.9695446516627493,4,4,4
006,control,10,NZJO,CASH,CASH,-1,-0.08049139905143755,"[1.0, 0.9987, 0.9972, 0.9978, 0.9974, 0.9977, 0.9994, 1.0012, 1.0022, 1.0014, 1.0, 0.9985, 0.9979, 0.9979, 0.9961, 0.9939, 0.9946, 0.9911, 0.9908, 0.9917, 0.9899, 0.9878, 0.9864, 0.9878, 0.9876, 0.9841, 0.9833, 0.9853, 0.9873, 0.9886, 0.9882, 0.9847, 0.9851, 0.9849, 0.9851, 0.9881, 0.9886, 0.9892, 0.9904, 0.99, 0.9888, 0.9875, 0.989, 0.9901, 0.9892, 0.9915, 0.9919, 0.9894, 0.9907, 0.9905, 0.988, 0.989, 0.9885, 0.9878, 0.989, 0.9848, 0.9825, 0.9817, 0.9823, 0.9811, 0.9793, 0.9773, 0.9772, 0.9785, 0.9758, 0.972, 0.9715, 0.9708, 0.9692, 0.9704, 0.972, 0.971, 0.9704, 0.9716, 0.9709, 0.9683, 0.9682, 0.9666, 0.9673, 0.9664, 0.9661, 0.9672, 0.967, 0.9659, 0.9641, 0.9674, 0.9695, 0.9668, 0.9649, 0.966, 0.965, 0.9651, 0.9667, 0.967, 0.9669, 0.966, 0.966, 0.9668, 0.9701, 0.9722, 0.9719, 0.9737, 0.974, 0.9713, 0.9711, 0.9731, 0.972, 0.9739, 0.9734, 0.9735, 0.9713, 0.9753, 0.9763, 0.9783, 0.9775, 0.9748, 0.9771, 0.9759, 0.9791, 0.9788, 0.982, 0.9807, 0.9774, 0.9788, 0.9788, 0.9788, 0.9809, 0.9793, 0.9769, 0.9747, 0.9716, 0.9683, 0.9659, 0.9642, 0.9634, 0.9612, 0.961, 0.9624, 0.962, 0.9628, 0.9611, 0.9616, 0.9624, 0.9612, 0.9582, 0.9577, 0.9576, 0.9601, 0.9592, 0.962, 0.9573, 0.9565, 0.9554, 0.9544, 0.9532, 0.9528, 0.9556, 0.955, 0.9569, 0.9565, 0.9564, 0.9517, 0.9516, 0.9524, 0.95, 0.9486, 0.9468, 0.9504, 0.9483, 0.9467, 0.9414, 0.9383, 0.9383, 0.9357, 0.9304, 0.9296, 0.9295, 0.9296, 0.93, 0.9286, 0.9333, 0.932, 0.9324, 0.9298, 0.9284, 0.9254, 0.9254, 0.9244, 0.9223, 0.9184, 0.9191, 0.9202, 0.9214, 0.9209, 0.9219, 0.9232, 0.9238, 0.9261, 0.9255, 0.9256, 0.9227, 0.9261, 0.9246, 0.9249, 0.9258, 0.9241, 0.9239, 0.9249, 0.9245, 0.9238, 0.9231, 0.9216, 0.9212, 0.9216, 0.9223, 0.9241, 0.924, 0.923, 0.9243, 0.9248, 0.9265, 0.9267, 0.9275, 0.9281, 0.9293, 0.9275, 0.9272, 0.9274, 0.9304, 0.9301, 0.9309, 0.9304, 0.9266, 0.9288, 0.9299, 0.932, 0.9295, 0.9299, 0.9301, 0.9272, 0.9279, 0.9268, 0.9275, 0.9245, 0.9228, 0.9215, 0.9187, 0.9187, 0.9209, 0.8467, 0.8476, 0.8499, 0.8507, 0.85, 0.8468, 0.8473, 0.8467, 0.8459, 0.847, 0.8478, 0.8452, 0.8455, 0.8449, 0.8462, 0.8461, 0.8475, 0.8464, 0.8456, 0.8447, 0.8443, 0.8438, 0.8457, 0.844, 0.8441, 0.8421, 0.8397, 0.8387, 0.8361, 0.8364, 0.8351, 0.8342, 0.8348, 0.8373, 0.8363, 0.8331, 0.8324, 0.8323, 0.8341, 0.834]","(False, None)",,0.8339525491092473,4,7,5
006,control,11,KIWG,CASH,CASH,1,0.09341483528811495,"[1.0, 1.0015, 1.0028, 1.0022, 1.0019, 1.0013, 1.0019, 1.0018, 1.0026, 1.0005, 1.0022, 1.0021, 1.0028, 1.0026, 1.0022, 1.0027, 1.0036, 1.0033, 1.0031, 1.0039, 1.0029, 1.0012, 1.0016, 1.0008, 0.9987, 0.9978, 0.9972, 0.9959, 0.9942, 0.9942, 0.9952, 0.9949, 0.9941, 0.9945, 0.9952, 0.9949, 0.9955, 0.9966, 0.9963, 0.9954, 0.9958, 0.996, 0.9972, 0.9958, 0.995, 0.9941, 0.9921, 0.9922, 0.9928, 0.992, 0.9935, 0.9943, 0.995, 0.9954, 0.9965, 0.995, 0.9956, 1.0893, 1.0872, 1.0876, 1.0872, 1.0881, 1.0876, 1.0875, 1.0879, 1.0868, 1.0875, 1.0874, 1.0879, 1.0873, 1.0886, 1.0893, 1.089, 1.0898, 1.0913, 1.0934, 1.0915, 1.0925, 1.093, 1.0929, 1.0917, 1.0932, 1.0916, 1.0923, 1.0938, 1.0918, 1.0915, 1.0899, 1.0901, 1.0919, 1.0943, 1.0922, 1.0914, 1.0923, 1.0941, 1.0946, 1.0937, 1.094, 1.094, 1.0937, 1.0928, 1.0932, 1.0936, 1.0934, 1.0931, 1.0916, 1.091, 1.0924, 1.0921, 1.0904, 1.0919, 1.0926, 1.0951, 1.0951, 1.0945, 1.0928, 1.0943, 1.0974, 1.0964, 1.0956, 1.0963, 1.0953, 1.0949, 1.0945, 1.0947, 1.096, 1.096, 1.097, 1.0965, 1.0969, 1.0943, 1.0925, 1.0934, 1.0927, 1.0934, 1.094, 1.0956, 1.0965, 1.0977, 1.0976, 1.0967, 1.0958, 1.0952, 1.0938, 1.0931, 1.0929, 1.0932, 1.0928, 1.0904, 1.0903, 1.0906, 1.0918, 1.0925, 1.0917, 1.0908, 1.0932, 1.0941, 1.0963, 1.0988, 1.0978, 1.0983, 1.0988, 1.0994, 1.1001, 1.1003, 1.1005, 1.0986, 1.0984, 1.0975, 1.0976, 1.097, 1.0977, 1.0987, 1.099, 1.0994, 1.0995, 1.0989, 1.0987, 1.0981, 1.0985, 1.0985, 1.0992, 1.0975, 1.0986, 1.0976, 1.0967, 1.0964, 1.0957, 1.0961, 1.0953, 1.094, 1.093, 1.0945, 1.0946, 1.0931, 1.0931, 1.0912, 1.0933, 1.0915, 1.092, 1.0926, 1.0909, 1.0912, 1.0924, 1.0929, 1.0932, 1.0943, 1.0945, 1.0949, 1.0947, 1.0954, 1.0943, 1.0952, 1.0946, 1.0932, 1.0936, 1.0956, 1.0968, 1.0961, 1.097, 1.0964, 1.0962, 1.0963, 1.0935, 1.0937, 1.0924, 1.0915, 1.0897, 1.0879, 1.0867, 1.0877, 1.0896, 1.0896, 1.0909, 1.0905, 1.0882, 1.0884, 1.0889, 1.0883, 1.0887, 1.0893, 1.0883, 1.0865, 1.0862, 1.0859, 1.0854, 1.0866, 1.0886, 1.0881, 1.0889, 1.09, 1.0909, 1.0921, 1.0916, 1.0925, 1.0949, 1.0958, 1.0951, 1.0958, 1.0973, 1.0977, 1.097, 1.0988, 1.0973, 1.0979, 1.0978, 1.0963, 1.0978, 1.0982, 1.0968, 1.0975, 1.0969, 1.0946, 1.0937, 1.094, 1.0948, 1.0949, 1.095, 1.0955, 1.0952, 1.0966, 1.0968, 1.0971, 1.0977, 1.0964, 1.0955, 1.0974, 1.0977, 1.0974]","(False, None)",,1.0973630966153405,5,5,5
006,control,12,SWKZ,CASH,CASH,-1,-0.1011245446926821,"[1.0, 1.0008, 1.0013, 1.0019, 1.0031, 1.0022, 1.0017, 1.0007, 1.0006, 1.0013, 1.0013, 1.0016, 1.0002, 1.0003, 0.9996, 1.0009, 1.0016, 1.0023, 1.0022, 1.0027, 1.0032, 1.0029, 1.0025, 1.0024, 1.0019, 1.0015, 1.0012, 1.0007, 1.0013, 1.0, 1.0006, 1.0002, 0.9997, 0.9987, 0.9986, 0.9984, 0.9985, 0.9981, 0.9982, 0.9995, 0.9998, 0.9994, 1.0001, 1.0, 1.0004, 1.0009, 1.0006, 0.9991, 0.9988, 0.9992, 0.9989, 0.9992, 1.0, 0.9995, 1.0005, 1.0017, 1.0025, 1.0034, 1.0042, 1.0059, 1.006, 1.006, 1.0064, 1.0057, 1.0045, 1.0039, 1.0041, 1.0045, 1.0033, 1.0019, 1.0016, 1.0015, 1.0014, 1.0019, 1.0028, 1.003, 1.0034, 1.0026, 1.0017, 1.0019, 1.0023, 1.0029, 1.0033, 1.0039, 1.0045, 1.0032, 0.9012, 0.9015, 0.9019, 0.9009, 0.9017, 0.9013, 0.9012, 0.9014, 0.9019, 0.9009, 0.9015, 0.9016, 0.901, 0.9008, 0.8993, 0.8989, 0.899, 0.8985, 0.8983, 0.8982, 0.8982, 0.8989, 0.8988, 0.8987, 0.899, 0.9004, 0.9002, 0.9005, 0.8994, 0.9003, 0.9008, 0.9017, 0.9016, 0.9009, 0.9015, 0.902, 0.9014, 0.9004, 0.9007, 0.9005, 0.9023, 0.9019, 0.9015, 0.9014, 0.9003, 0.8997, 0.9008, 0.9007, 0.9002, 0.8994, 0.8997, 0.9002, 0.9004, 0.9001, 0.9003, 0.9005, 0.9, 0.9005, 0.899, 0.8981, 0.8979, 0.8978, 0.897, 0.8972, 0.8979, 0.8982, 0.8984, 0.8989, 0.8992, 0.8984, 0.8983, 0.8991, 0.8983, 0.8984, 0.8981, 0.8975, 0.8968, 0.8968, 0.897, 0.8972, 0.8962, 0.896, 0.8963, 0.8969, 0.8973, 0.8979, 0.8986, 0.8992, 0.8986, 0.8986, 0.8981, 0.8965, 0.8954, 0.8968, 0.896, 0.8945, 0.8941, 0.8951, 0.895, 0.8953, 0.8951, 0.8951, 0.8959, 0.8964, 0.8964, 0.897, 0.8977, 0.8975, 0.8977, 0.8978, 0.8974, 0.8982, 0.898, 0.8976, 0.8965, 0.8956, 0.8966, 0.8958, 0.8961, 0.8958, 0.8962, 0.8966, 0.896, 0.8958, 0.8959, 0.896, 0.8959, 0.8957, 0.8961, 0.897, 0.8974, 0.8968, 0.8971, 0.8971, 0.8974, 0.8987, 0.8985, 0.8985, 0.8979, 0.8977, 0.8973, 0.8984, 0.8986, 0.8982, 0.8995, 0.8985, 0.8991, 0.8998, 0.9002, 0.9, 0.8999, 0.8996, 0.9002, 0.8986, 0.8982, 0.8983, 0.8979, 0.8967, 0.8965, 0.896, 0.8965, 0.8974, 0.8975, 0.8961, 0.896, 0.8954, 0.8958, 0.897, 0.8972, 0.8985, 0.8996, 0.9, 0.8994, 0.8995, 0.8986, 0.8994, 0.8996, 0.9006, 0.9008, 0.8996, 0.9001, 0.9008, 0.9021, 0.9015, 0.901, 0.9011, 0.9005, 0.8996, 0.8989, 0.9008, 0.9004, 0.8998, 0.8996, 0.8997, 0.9006, 0.9013, 0.9019, 0.902, 0.9022, 0.9018, 0.9008, 0.9023, 0.902]","(False, None)",,0.9020060260502702,4,7,3
006,control,13,GQCL,CASH,ASSET,1,0.09372999835969704,"[1.0, 0.9931, 0.9952, 0.9953, 0.9983, 0.9991, 1.0032, 1.0032, 1.002, 1.0033, 1.0043, 1.0034, 1.0028, 1.0044, 1.006, 1.0049, 1.004, 0.9999, 1.0037, 1.0031, 1.0061, 1.007, 1.0114, 1.0149, 1.0156, 1.0189, 1.0167, 1.0196, 1.0162, 1.0169, 1.0193, 1.0198, 1.0189, 1.0171, 1.0163, 1.0186, 1.0206, 1.02, 1.0172, 1.0187, 1.0153, 1.0141, 1.0124, 1.0141, 1.0146, 1.0156, 1.0162, 1.0146, 1.0158, 1.019, 1.0189, 1.0203, 1.02, 1.0223, 1.0238, 1.0258, 1.0266, 1.0304, 1.0295, 1.0287, 1.0273, 1.0287, 1.0272, 1.0257, 1.0274, 1.03, 1.0313, 1.0251, 1.0229, 1.0204, 1.0177, 1.0167, 1.0208, 1.0201, 1.0184, 1.02, 1.0201, 1.0203, 1.0187, 1.0187, 1.0197, 1.0153, 1.0116, 1.0141, 1.0159, 1.0148, 1.0124, 1.012, 1.0093, 1.0085, 1.0122, 1.0125, 1.0151, 1.0145, 1.0154, 1.0185, 1.0154, 1.0146, 1.0142, 1.0148, 1.0183, 1.0199, 1.0164, 1.0158, 1.0137, 1.0116, 1.0162, 1.0138, 1.0143, 1.0126, 1.0146, 1.0153, 1.0156, 1.0154, 1.018, 1.0158, 1.0141, 1.0116, 1.0146, 1.0139, 1.0115, 1.0105, 1.0162, 1.0159, 1.0178, 1.0189, 1.0188, 1.0172, 1.0164, 1.0156, 1.0106, 1.0164, 1.0185, 1.0187, 1.0182, 1.0164, 1.0185, 1.0181, 1.0192, 1.016, 1.0168, 1.0213, 1.0207, 1.0225, 1.0225, 1.025, 1.0275, 1.0276, 1.0263, 1.0269, 1.027, 1.0255, 1.0265, 1.0275, 1.0254, 1.0252, 1.0319, 1.0337, 1.0339, 1.0397, 1.0386, 1.0329, 1.0284, 1.0249, 1.0255, 1.0277, 1.0227, 1.0252, 1.0224, 1.023, 1.024, 1.025, 1.025, 1.0253, 1.0227, 1.0233, 1.0255, 1.0276, 1.0336, 1.0361, 1.0378, 1.0416, 1.0421, 1.0391, 1.0339, 1.0368, 1.0381, 1.0401, 1.0393, 1.04, 1.0444, 1.0452, 1.0425, 1.0415, 1.0447, 1.0421, 1.0361, 1.0308, 1.0277, 1.0295, 1.0297, 1.0279, 1.0249, 1.0246, 1.0242, 1.0229, 1.0223, 1.0206, 1.0247, 1.0192, 1.0195, 1.0171, 1.0187, 1.0182, 1.019, 1.0201, 1.0206, 1.0228, 1.0196, 1.0218, 1.0212, 1.0221, 1.0256, 1.0282, 1.0327, 1.0275, 1.0253, 1.0275, 1.1209, 1.1204, 1.1247, 1.1269, 1.1244, 1.1255, 1.1271, 1.1273, 1.127, 1.1273, 1.1235, 1.1238, 1.1214, 1.1223, 1.1234, 1.1211, 1.1226, 1.1235, 1.1233, 1.1251, 1.1243, 1.1236, 1.1238, 1.1236, 1.1264, 1.1204, 1.1196, 1.1146, 1.1132, 1.1138, 1.1137, 1.116, 1.1167, 1.1097, 1.1068, 1.1106, 1.1143, 1.1144, 1.1104, 1.1156, 1.1103, 1.1109, 1.1105, 1.111, 1.1079, 1.1067, 1.1091, 1.1077, 1.104, 1.1038, 1.1038, 1.1032, 1.101, 1.1021, 1.1015, 1.0984, 1.0987, 1.0984, 1.0985, 1.0941, 1.0919]","(True, 'BUY')",1.0377649122462997,1.0919374827219315,5,7,5
006,control,14,OSEH,ASSET,CASH,-1,-0.08710149126829161,"[1.0, 0.9985, 0.996, 0.9914, 0.9909, 0.993, 0.9931, 0.9939, 0.9956, 0.9943, 0.9986, 0.9972, 0.9979, 1.0023, 1.0022, 1.0024, 1.0017, 1.0023, 0.9989, 0.9979, 1.0007, 1.0011, 1.0008, 1.0014, 1.0022, 1.0025, 1.0035, 1.0008, 1.0019, 1.0008, 1.0021, 1.0022, 1.0006, 1.0006, 0.999, 1.0007, 1.0007, 1.0021, 1.0004, 1.0031, 1.0026, 1.0049, 1.0063, 1.0046, 1.0052, 1.0044, 1.0051, 1.0074, 1.0086, 1.0104, 1.0086, 1.0089, 1.0096, 1.0114, 1.0105, 1.0114, 1.0122, 1.0098, 1.0082, 1.0089, 1.0071, 1.0052, 1.0067, 1.0072, 1.0069, 1.0071, 1.0065, 1.0057, 1.005, 1.0057, 1.0079, 1.0072, 1.0071, 1.0068, 1.0049, 1.0053, 1.0068, 1.0055, 1.0069, 1.006, 1.0079, 1.0099, 1.0094, 1.0062, 1.0057, 1.0035, 1.0015, 1.0011, 1.0034, 1.0033, 1.003, 1.0001, 0.9991, 0.997, 0.9979, 0.9971, 0.9971, 0.9971, 0.9968, 0.9984, 0.9993, 0.9988, 0.9991, 1.0001, 1.0023, 1.0026, 1.005, 1.0041, 1.0037, 1.0014, 1.0028, 1.0012, 0.9996, 1.001, 1.0002, 0.9991, 1.0006, 1.0004, 1.0019, 1.0013, 1.0026, 1.0044, 1.0045, 1.0075, 1.0069, 1.0066, 1.0068, 1.0085, 1.0081, 1.0075, 1.0079, 1.01, 1.0094, 1.0074, 1.0072, 1.0083, 1.0075, 1.0077, 1.0048, 1.0049, 1.0051, 1.0061, 1.0067, 1.008, 1.0065, 1.0076, 1.005, 1.0041, 1.0059, 1.0073, 1.0044, 1.0054, 1.0048, 1.0036, 1.004, 1.0042, 1.0065, 1.0043, 1.0036, 1.0035, 1.0006, 1.0025, 1.0054, 1.0044, 1.0051, 1.0047, 1.0052, 1.0042, 1.0056, 1.0038, 1.006, 1.0067, 1.0106, 1.008, 1.0079, 1.0059, 1.0057, 1.0065, 1.0051, 1.0028, 1.0001, 1.0005, 1.0026, 1.0046, 1.0047, 1.0032, 1.0027, 1.0003, 0.9978, 0.9996, 0.9992, 0.9998, 0.9994, 1.0016, 1.0039, 1.0027, 1.0022, 1.0012, 1.0034, 1.0054, 1.005, 1.0088, 1.0089, 1.007, 1.0038, 1.0036, 1.0042, 1.0033, 1.0039, 1.0059, 1.0059, 1.0073, 1.01, 1.0109, 1.01, 1.0108, 1.0117, 1.0152, 1.0146, 1.0121, 0.9244, 0.925, 0.9244, 0.9253, 0.9258, 0.9277, 0.9265, 0.9255, 0.9255, 0.9248, 0.9268, 0.9277, 0.9277, 0.93, 0.9308, 0.9324, 0.9336, 0.9335, 0.9333, 0.9334, 0.9318, 0.9313, 0.9327, 0.9332, 0.9318, 0.9354, 0.9339, 0.9349, 0.936, 0.938, 0.9368, 0.9369, 0.9366, 0.9384, 0.9391, 0.9398, 0.9406, 0.9437, 0.9448, 0.9462, 0.9449, 0.946, 0.9442, 0.9458, 0.9461, 0.9449, 0.9433, 0.9433, 0.9436, 0.9429, 0.9426, 0.9422, 0.9416, 0.9414, 0.942, 0.9441, 0.9453, 0.9446, 0.9472, 0.9492, 0.949, 0.9507, 0.9501, 0.9492, 0.9483, 0.951, 0.9514, 0.9521, 0.9524]","(True, 'SELL')",0.9255287337262974,0.9524107218998686,8,8,7
006,control,15,ELKH,ASSET,CASH,1,0.09037056762967477,"[1.0, 1.0009, 0.9994, 0.9984, 0.9989, 0.9983, 0.999, 0.9999, 0.9983, 0.9995, 0.9989, 1.0013, 1.0022, 1.0016, 1.0019, 1.0022, 1.0026, 1.0042, 1.0049, 1.0068, 1.0076, 1.0074, 1.0058, 1.004, 1.0043, 1.0052, 1.0068, 1.0062, 1.0063, 1.0055, 1.005, 1.0025, 1.0034, 1.0026, 1.0026, 1.0031, 1.0036, 1.0021, 1.0039, 1.0048, 1.0054, 1.0047, 1.003, 1.0012, 1.001, 1.0012, 1.0005, 1.0026, 1.003, 1.0042, 1.0052, 1.0041, 1.0052, 1.0058, 1.0044, 1.0053, 1.0066, 1.0077, 1.009, 1.0074, 1.0072, 1.0066, 1.0067, 1.0069, 1.0082, 1.0091, 1.0082, 1.0093, 1.0112, 1.0116, 1.0099, 1.0092, 1.0091, 1.0073, 1.0072, 1.0058, 1.0067, 1.0076, 1.0075, 1.0062, 1.0065, 1.0059, 1.0051, 1.0064, 1.0056, 1.0041, 1.0051, 1.0071, 1.009, 1.0099, 1.0124, 1.012, 1.0146, 1.017, 1.0167, 1.0172, 1.0158, 1.0146, 1.0153, 1.0141, 1.0144, 1.0149, 1.0151, 1.0163, 1.0186, 1.0189, 1.0201, 1.0219, 1.0214, 1.0207, 1.018, 1.0186, 1.0199, 1.0205, 1.0229, 1.0248, 1.0258, 1.0259, 1.0249, 1.0251, 1.0258, 1.0258, 1.0255, 1.0252, 1.0261, 1.0242, 1.0239, 1.0241, 1.025, 1.0259, 1.0257, 1.0251, 1.0238, 1.0253, 1.026, 1.0263, 1.0256, 1.0244, 1.0258, 1.0259, 1.0265, 1.0287, 1.027, 1.0262, 1.0267, 1.0275, 1.0264, 1.0264, 1.0258, 1.0252, 1.0257, 1.0261, 1.0275, 1.0283, 1.0301, 1.0293, 1.0298, 1.0282, 1.0264, 1.0248, 1.0257, 1.026, 1.0242, 1.0258, 1.0269, 1.0268, 1.0266, 1.0266, 1.0252, 1.028, 1.0275, 1.0273, 1.027, 1.0263, 1.0253, 1.0257, 1.0243, 1.0232, 1.0223, 1.0232, 1.0221, 1.021, 1.0214, 1.0202, 1.0198, 1.0209, 1.0214, 1.0215, 1.1158, 1.1153, 1.1146, 1.1124, 1.1125, 1.1133, 1.1125, 1.1149, 1.1162, 1.1174, 1.116, 1.1164, 1.1169, 1.1143, 1.1143, 1.1141, 1.1119, 1.1126, 1.1152, 1.1162, 1.1151, 1.1149, 1.1163, 1.1153, 1.1158, 1.1159, 1.1161, 1.1183, 1.1164, 1.1179, 1.1183, 1.1182, 1.1162, 1.1166, 1.1161, 1.1125, 1.1108, 1.1093, 1.1081, 1.1074, 1.1064, 1.1084, 1.1098, 1.1097, 1.1115, 1.1142, 1.1149, 1.1133, 1.1138, 1.1156, 1.1144, 1.1145, 1.1157, 1.1173, 1.1184, 1.1189, 1.1188, 1.1181, 1.1194, 1.1207, 1.1201, 1.1193, 1.1209, 1.1222, 1.1213, 1.1193, 1.1195, 1.1206, 1.1218, 1.1229, 1.121, 1.1211, 1.1207, 1.1198, 1.1232, 1.1232, 1.1236, 1.1233, 1.1242, 1.1257, 1.1254, 1.1254, 1.1249, 1.1236, 1.1234, 1.1239, 1.124, 1.1237, 1.1214, 1.1219, 1.1221, 1.1241, 1.1233, 1.1216, 1.1192, 1.1184, 1.1183, 1.1187, 1.1167, 1.116, 1.1173]","(True, 'SELL')",1.0249287523414747,1.1173055398869136,5,7,5
006,control,16,IJVX,CASH,ASSET,-1,-0.08670275677039883,"[1.0, 1.0012, 1.0031, 1.005, 1.0084, 1.0077, 1.0087, 1.008, 1.0054, 1.004, 1.0043, 1.0026, 1.0022, 1.0043, 1.0054, 1.0064, 1.0071, 1.0067, 1.0033, 1.0051, 1.0023, 1.0027, 1.0025, 1.0028, 1.0032, 1.0026, 1.0043, 1.0019, 1.0034, 1.0002, 1.0024, 1.0015, 1.0022, 1.005, 1.0009, 1.0003, 1.0014, 1.0031, 1.0056, 1.0067, 1.0077, 1.0079, 1.0084, 1.0085, 1.0104, 1.0107, 1.0119, 1.015, 1.0172, 1.0165, 1.0163, 1.0177, 1.0165, 1.013, 1.0111, 1.0121, 1.0117, 1.0111, 1.0125, 1.0105, 1.0147, 1.0148, 1.0142, 1.018, 1.016, 1.015, 1.0148, 1.013, 1.0124, 1.0135, 1.0138, 1.0137, 1.0156, 1.0191, 1.0221, 1.0181, 1.0207, 1.0222, 1.023, 1.0211, 1.0202, 1.0198, 1.0172, 1.0195, 1.0212, 1.0212, 1.0194, 1.0219, 1.0231, 1.0252, 1.0244, 1.0289, 1.0287, 1.0324, 1.0286, 1.0291, 1.0293, 1.0245, 1.0233, 1.0209, 1.0183, 1.0169, 1.0147, 1.0153, 1.0161, 1.0166, 1.0151, 1.0142, 1.0173, 1.0167, 1.0166, 1.0155, 1.0165, 1.0182, 1.0197, 1.0205, 1.0218, 1.0214, 1.0226, 1.0207, 1.0209, 1.0226, 1.0206, 1.0221, 1.0227, 1.0204, 1.0172, 1.014, 1.0121, 1.0127, 1.0131, 1.0154, 1.0197, 1.0188, 1.015, 1.0122, 1.0084, 1.0071, 1.0061, 1.0084, 1.0056, 1.0052, 1.0047, 1.0044, 1.0034, 1.0073, 1.0069, 1.007, 1.0083, 1.0087, 1.012, 1.0098, 1.0094, 1.0084, 1.0083, 1.0099, 1.0088, 1.0051, 1.0052, 0.9163, 0.9173, 0.9177, 0.9213, 0.9222, 0.9207, 0.9214, 0.9232, 0.9233, 0.9233, 0.9228, 0.9221, 0.9205, 0.9226, 0.9232, 0.9208, 0.9226, 0.9227, 0.923, 0.9233, 0.9253, 0.9215, 0.9215, 0.9224, 0.9222, 0.9194, 0.9173, 0.9176, 0.9201, 0.9168, 0.9158, 0.9163, 0.9167, 0.9177, 0.9197, 0.9211, 0.9186, 0.9181, 0.9163, 0.9163, 0.919, 0.9208, 0.9248, 0.9272, 0.9292, 0.931, 0.93, 0.9298, 0.9309, 0.9323, 0.9335, 0.932, 0.9302, 0.9284, 0.9317, 0.9316, 0.9331, 0.9331, 0.9329, 0.9326, 0.932, 0.9322, 0.9337, 0.9316, 0.9318, 0.9313, 0.9307, 0.9319, 0.9347, 0.9325, 0.9328, 0.9348, 0.9363, 0.9336, 0.9346, 0.9339, 0.9333, 0.9346, 0.9329, 0.9334, 0.935, 0.9339, 0.9323, 0.9361, 0.9344, 0.9367, 0.9356, 0.936, 0.9352, 0.9356, 0.9359, 0.9341, 0.9339, 0.9355, 0.9343, 0.9305, 0.931, 0.9296, 0.9302, 0.9296, 0.9283, 0.9279, 0.9285, 0.9291, 0.9269, 0.9245, 0.9224, 0.9244, 0.9247, 0.9231, 0.9226, 0.9249, 0.9229, 0.9221, 0.9234, 0.9246, 0.9257, 0.9241, 0.9241, 0.9199, 0.9192, 0.9181, 0.9171, 0.919, 0.9187, 0.9182, 0.9194, 0.9224, 0.9209, 0.9221]","(True, 'BUY')",1.0285595253053306,0.9220859149947411,4,6,6
006,control,17,WIRK,ASSET,CASH,1,0.0736470958793922,"[1.0, 1.0005, 0.9997, 0.998, 0.9954, 0.9954, 0.9943, 0.9931, 0.9928, 0.9928, 0.9897, 0.9909, 0.9882, 0.9907, 0.9915, 0.9909, 0.9927, 0.9927, 0.9937, 0.9938, 0.9953, 0.9968, 0.9955, 0.9947, 0.9952, 0.9949, 0.9918, 0.9945, 0.9916, 0.9887, 0.987, 0.9878, 0.9902, 0.9899, 0.9893, 0.9896, 0.9891, 0.9892, 0.9877, 0.9882, 0.9888, 0.9855, 0.9853, 0.9856, 0.9863, 0.9852, 0.9834, 0.9821, 0.9829, 0.9817, 0.9807, 0.9822, 0.9812, 0.98, 0.9798, 0.9801, 0.9815, 0.9803, 0.9782, 0.9781, 0.9789, 0.9769, 0.9763, 0.9767, 0.977, 0.9771, 0.9768, 0.9757, 0.9745, 0.976, 0.9745, 0.9762, 0.9744, 0.9783, 0.976, 0.9781, 0.9769, 0.9768, 0.9767, 0.9758, 0.9788, 0.9789, 0.9771, 0.978, 0.979, 0.9774, 0.9782, 0.9782, 0.9793, 0.9803, 0.9803, 0.9798, 0.981, 0.9814, 0.9794, 0.9787, 0.978, 0.9777, 0.9807, 0.9802, 0.9809, 0.9831, 0.9838, 0.9844, 0.9861, 0.9864, 0.9867, 0.9876, 0.9882, 0.9872, 0.9857, 0.9855, 0.9874, 0.9871, 0.9886, 0.9892, 0.9888, 0.9852, 0.9855, 0.9851, 0.983, 0.9837, 0.9836, 0.9842, 0.9833, 0.9836, 0.983, 0.9844, 0.9846, 0.9827, 0.983, 0.9831, 0.9828, 0.981, 0.9824, 0.9814, 0.9836, 0.9827, 0.9827, 0.9827, 0.9829, 0.9864, 0.9858, 0.9886, 0.9894, 0.9885, 0.9902, 0.9913, 0.9926, 0.9908, 0.9915, 0.991, 0.9908, 0.9906, 0.9906, 0.9928, 0.9933, 0.9908, 0.9925, 0.9926, 0.9928, 0.9903, 0.9909, 0.9902, 0.9915, 0.9921, 0.9932, 0.9927, 0.9902, 0.9916, 0.9921, 0.9917, 0.9909, 0.9897, 0.9873, 0.9857, 0.9856, 0.9878, 0.9884, 0.9906, 0.9893, 0.991, 0.9904, 0.9924, 0.9941, 0.9941, 0.9943, 0.996, 0.9949, 0.9919, 0.9931, 0.996, 0.9934, 0.9937, 0.9921, 0.9917, 0.9904, 0.9916, 0.9908, 0.9906, 0.9891, 0.9901, 0.9894, 0.9889, 0.9888, 0.9868, 0.9868, 0.9846, 0.9843, 0.984, 0.9835, 0.9832, 0.9823, 0.983, 0.983, 0.9823, 0.982, 0.9811, 0.9809, 0.9805, 0.9781, 0.9803, 0.9797, 0.9788, 1.0513, 1.0483, 1.0477, 1.0482, 1.0478, 1.0479, 1.0473, 1.0467, 1.0467, 1.0469, 1.0453, 1.0457, 1.0462, 1.0453, 1.0444, 1.0446, 1.0463, 1.0478, 1.0467, 1.0459, 1.0451, 1.0456, 1.0454, 1.0458, 1.0476, 1.0479, 1.0485, 1.049, 1.0478, 1.0476, 1.0472, 1.0464, 1.0486, 1.0493, 1.0454, 1.0442, 1.044, 1.0439, 1.0427, 1.0422, 1.0415, 1.0408, 1.0416, 1.0415, 1.0406, 1.0402, 1.0401, 1.0385, 1.0376, 1.0384, 1.0398, 1.0364, 1.0398, 1.0389, 1.04, 1.0381, 1.039, 1.0391, 1.039, 1.0385, 1.0382, 1.0392, 1.0382, 1.0378, 1.0372]","(True, 'SELL')",1.046651758598465,1.0372333057731036,5,6,6
006,control,18,CLLM,ASSET,CASH,1,0.09383112598020789,"[1.0, 0.9974, 0.9992, 0.9966, 1.0017, 1.0041, 1.0034, 1.0049, 1.0091, 1.0163, 1.0142, 1.017, 1.0184, 1.0179, 1.0208, 1.0222, 1.0251, 1.0239, 1.024, 1.0252, 1.0254, 1.0256, 1.0238, 1.0242, 1.0249, 1.0249, 1.025, 1.0269, 1.0254, 1.0273, 1.027, 1.0273, 1.027, 1.0294, 1.0315, 1.0317, 1.0307, 1.0356, 1.0371, 1.0344, 1.0345, 1.0344, 1.0364, 1.0359, 1.0342, 1.0378, 1.0328, 1.0294, 1.0282, 1.027, 1.0269, 1.027, 1.0297, 1.026, 1.0337, 1.0354, 1.0336, 1.0323, 1.0312, 1.0257, 1.0269, 1.0242, 1.023, 1.0204, 1.019, 1.0192, 1.0161, 1.0201, 1.017, 1.0159, 1.016, 1.0177, 1.0184, 1.0186, 1.02, 1.0211, 1.0187, 1.0203, 1.0188, 1.016, 1.0159, 1.0147, 1.0154, 1.0162, 1.0147, 1.0156, 1.0155, 1.0115, 1.0154, 1.0155, 1.0151, 1.0173, 1.0138, 1.0122, 1.0145, 1.0098, 1.0077, 1.0118, 1.0134, 1.0109, 1.0111, 1.013, 1.011, 1.0111, 1.012, 1.0122, 1.016, 1.0164, 1.016, 1.0167, 1.0158, 1.0138, 1.0133, 1.0117, 1.0164, 1.0219, 1.021, 1.0141, 1.0133, 1.015, 1.1087, 1.1107, 1.1125, 1.1109, 1.1104, 1.1078, 1.1068, 1.1039, 1.1026, 1.1068, 1.1061, 1.1092, 1.1102, 1.1063, 1.1062, 1.1051, 1.1019, 1.1008, 1.1042, 1.1077, 1.1067, 1.1049, 1.1049, 1.106, 1.1097, 1.1083, 1.1059, 1.1059, 1.1006, 1.1004, 1.1017, 1.0967, 1.0992, 1.0976, 1.0972, 1.0966, 1.0963, 1.0963, 1.0948, 1.0896, 1.0921, 1.0918, 1.0934, 1.0942, 1.0976, 1.0976, 1.0963, 1.1038, 1.108, 1.1105, 1.1139, 1.1179, 1.1122, 1.1109, 1.1114, 1.1133, 1.1116, 1.1122, 1.1094, 1.1088, 1.1035, 1.1024, 1.1069, 1.1036, 1.1054, 1.102, 1.0992, 1.1056, 1.1033, 1.1031, 1.1021, 1.0947, 1.0943, 1.0962, 1.0927, 1.0893, 1.087, 1.0883, 1.0859, 1.0882, 1.0901, 1.0852, 1.0816, 1.0815, 1.0791, 1.0813, 1.0846, 1.083, 1.0859, 1.088, 1.0883, 1.0914, 1.0906, 1.0919, 1.0904, 1.0882, 1.0928, 1.0976, 1.0984, 1.1018, 1.1012, 1.0998, 1.1017, 1.1062, 1.1067, 1.1075, 1.1078, 1.1058, 1.101, 1.1016, 1.0982, 1.103, 1.1037, 1.1057, 1.1082, 1.1056, 1.1028, 1.1069, 1.1085, 1.1091, 1.1115, 1.1061, 1.1093, 1.1101, 1.1115, 1.1138, 1.1198, 1.122, 1.1222, 1.1202, 1.1278, 1.1226, 1.1222, 1.1217, 1.1192, 1.1174, 1.1169, 1.1132, 1.1117, 1.112, 1.1071, 1.1062, 1.1059, 1.1048, 1.1037, 1.1027, 1.1007, 1.0981, 1.0994, 1.0991, 1.0991, 1.1033, 1.1065, 1.1055, 1.1104, 1.1107, 1.1142, 1.1096, 1.1146, 1.1146, 1.1129, 1.1108, 1.1043, 1.1011, 1.0993, 1.1036, 1.1039, 1.103, 1.1063]","(True, 'SELL')",1.1062866012032193,1.1062804738709604,5,7,5
006,control,20,ULYB,ASSET,ASSET,-1,-0.08672431001726098,"[1.0, 1.0017, 1.0038, 1.0042, 1.0048, 1.0041, 1.0027, 1.0014, 0.9999, 1.0012, 1.0011, 1.0013, 1.0003, 0.9987, 0.9969, 0.9957, 0.9965, 0.9966, 0.9959, 0.9955, 0.9934, 0.9952, 0.9934, 0.9934, 0.9965, 0.9928, 0.9907, 0.9896, 0.9898, 0.9873, 0.9869, 0.9869, 0.9871, 0.9836, 0.9845, 0.9868, 0.9874, 0.9864, 0.9855, 0.9816, 0.9823, 0.9844, 0.9854, 0.981, 0.9804, 0.9802, 0.9795, 0.981, 0.9785, 0.9774, 0.9782, 0.9797, 0.9799, 0.9814, 0.9821, 0.9806, 0.9824, 0.9817, 0.9793, 0.9799, 0.9825, 0.9839, 0.9853, 0.9855, 0.982, 0.9829, 0.9831, 0.9793, 0.9784, 0.9771, 0.9786, 0.9787, 0.9791, 0.9795, 0.9775, 0.9747, 0.9748, 0.9743, 0.9743, 0.974, 0.9733, 0.9741, 0.9743, 0.9734, 0.9707, 0.967, 0.9649, 0.9647, 0.966, 0.9654, 0.9663, 0.9679, 0.8871, 0.8874, 0.8893, 0.8896, 0.888, 0.885, 0.8854, 0.8865, 0.8897, 0.8888, 0.8895, 0.8893, 0.8862, 0.8867, 0.8862, 0.8846, 0.8867, 0.8859, 0.8865, 0.8861, 0.8852, 0.885, 0.886, 0.8851, 0.8829, 0.8852, 0.8858, 0.8845, 0.8844, 0.8823, 0.8822, 0.8833, 0.8808, 0.8819, 0.8829, 0.8826, 0.8827, 0.8822, 0.8816, 0.8792, 0.8813, 0.8804, 0.8806, 0.8803, 0.8808, 0.8815, 0.8802, 0.8807, 0.8803, 0.8791, 0.8808, 0.8823, 0.8811, 0.8807, 0.8794, 0.8779, 0.8766, 0.8773, 0.8755, 0.8736, 0.8739, 0.873, 0.8745, 0.8733, 0.8727, 0.8716, 0.8687, 0.8691, 0.87, 0.8712, 0.8709, 0.8718, 0.8715, 0.8714, 0.8704, 0.8701, 0.8689, 0.8697, 0.8688, 0.8674, 0.8673, 0.8672, 0.865, 0.8637, 0.8629, 0.8634, 0.864, 0.865, 0.8646, 0.8635, 0.8617, 0.8618, 0.8613, 0.8618, 0.863, 0.8655, 0.8644, 0.8651, 0.8629, 0.8642, 0.8627, 0.8625, 0.8611, 0.863, 0.8637, 0.8648, 0.8646, 0.8651, 0.8636, 0.863, 0.8647, 0.8624, 0.8624, 0.8639, 0.8653, 0.8661, 0.8661, 0.8678, 0.8674, 0.8674, 0.8652, 0.8656, 0.8652, 0.8651, 0.8623, 0.8607, 0.8605, 0.859, 0.8598, 0.8624, 0.8623, 0.8628, 0.8622, 0.8616, 0.8597, 0.8603, 0.8585, 0.8578, 0.857, 0.8553, 0.8543, 0.854, 0.8551, 0.855, 0.8564, 0.8567, 0.8566, 0.8571, 0.8565, 0.8575, 0.8574, 0.8574, 0.8595, 0.8582, 0.8568, 0.8565, 0.8567, 0.8561, 0.8571, 0.8573, 0.8576, 0.8558, 0.8577, 0.8577, 0.8564, 0.858, 0.8578, 0.8568, 0.8553, 0.8551, 0.8542, 0.8529, 0.8526, 0.8522, 0.8514, 0.8525, 0.8542, 0.8558, 0.8553, 0.8545, 0.8524, 0.852, 0.8507, 0.8508, 0.8504, 0.851, 0.8509, 0.8513, 0.8519, 0.8489, 0.8475, 0.8477, 0.8476, 0.8477, 0.847, 0.8478, 0.8471]","(False, None)",,0.8470990614317349,5,7,7
006,control,21,HCNP,CASH,ASSET,-1,-0.07104957180432456,"[1.0, 1.0023, 0.9997, 1.0023, 1.0023, 1.0012, 1.0, 0.9985, 0.9982, 0.9995, 1.0005, 1.0015, 0.999, 0.9967, 0.9991, 1.0006, 1.004, 1.0059, 1.0044, 1.0064, 1.0075, 1.0078, 1.0067, 1.0067, 1.0066, 1.008, 1.0083, 1.0107, 1.0096, 1.0104, 1.0112, 1.01, 1.0082, 1.0099, 1.0107, 1.0105, 1.0112, 1.0102, 1.0107, 1.0098, 1.0102, 1.0117, 1.0113, 1.0126, 1.0111, 1.0108, 1.0087, 1.0087, 1.0088, 1.0086, 1.0083, 1.0104, 1.0126, 1.0108, 1.0127, 1.0101, 1.0091, 1.0089, 1.0091, 1.0076, 1.0065, 1.0067, 1.0057, 1.0048, 1.0059, 1.0074, 1.0074, 1.0075, 1.0075, 1.0069, 1.0062, 1.0046, 1.0057, 1.0056, 1.0055, 1.0059, 1.0067, 1.009, 1.0086, 1.0081, 1.0084, 1.0072, 1.0092, 1.0107, 1.0118, 1.0117, 1.0129, 1.0146, 1.0154, 1.015, 1.0125, 1.0141, 1.0136, 1.0124, 1.0138, 1.0144, 1.0123, 1.0122, 1.0118, 1.0134, 1.0106, 1.0101, 1.0099, 1.0122, 1.0106, 1.0062, 1.0041, 1.0046, 1.0059, 1.0086, 1.0093, 1.0081, 1.0095, 1.0096, 1.0093, 1.0094, 1.0114, 1.0101, 1.0086, 1.0086, 1.0086, 1.0074, 1.0061, 1.0067, 1.0089, 1.01, 1.0111, 1.0131, 1.0101, 1.0079, 1.0069, 1.0051, 1.0037, 1.0039, 1.002, 1.0014, 0.9984, 0.997, 0.999, 0.9983, 0.9988, 1.0, 0.9993, 1.0002, 1.0006, 1.0018, 1.0009, 0.9987, 0.9973, 0.9965, 0.9974, 0.9971, 0.9966, 0.9964, 0.9981, 0.9973, 0.9997, 0.9979, 0.997, 0.9984, 0.9992, 0.998, 0.9979, 0.9969, 0.9983, 0.9991, 0.9981, 0.9988, 0.9983, 0.9983, 0.9984, 0.9976, 0.9984, 0.9991, 0.9998, 1.0016, 1.0012, 0.999, 0.9984, 0.9987, 0.9988, 0.9998, 1.0011, 1.0009, 1.0008, 0.9994, 1.001, 1.0007, 0.9991, 0.9975, 0.997, 0.9994, 1.0006, 0.9981, 0.998, 0.9985, 0.9995, 1.0001, 0.9991, 0.9998, 0.9991, 0.9958, 0.9948, 0.9938, 0.9953, 0.9969, 0.9954, 0.9958, 0.996, 0.9233, 0.9205, 0.9204, 0.9206, 0.9199, 0.9162, 0.9162, 0.9155, 0.9143, 0.9139, 0.9124, 0.9132, 0.9133, 0.9126, 0.913, 0.9131, 0.911, 0.9109, 0.9103, 0.908, 0.9072, 0.9078, 0.907, 0.909, 0.9114, 0.911, 0.9119, 0.9147, 0.9143, 0.9131, 0.9126, 0.9107, 0.9089, 0.9093, 0.9088, 0.9092, 0.9099, 0.9089, 0.9087, 0.9084, 0.9075, 0.9065, 0.9069, 0.9068, 0.9073, 0.9088, 0.9102, 0.9087, 0.9076, 0.9073, 0.9076, 0.9089, 0.9077, 0.9071, 0.9075, 0.9093, 0.9112, 0.9099, 0.9097, 0.9086, 0.9098, 0.9105, 0.9101, 0.9093, 0.9098, 0.9112, 0.9102, 0.9098, 0.91, 0.9101, 0.9106, 0.9093, 0.9085, 0.9057, 0.9059, 0.9074, 0.9046, 0.9038, 0.9051, 0.905]","(True, 'BUY')",1.0019776020336282,0.9049692419703399,4,7,7
006,control,23,QAHF,CASH,ASSET,1,0.09857151035263564,"[1.0, 1.0004, 1.0003, 0.9971, 0.9978, 0.9948, 0.9961, 0.997, 0.9983, 0.9995, 1.0, 0.9993, 0.9989, 1.0011, 1.0003, 1.0, 0.9991, 0.9984, 0.998, 0.9984, 0.998, 0.9976, 0.9968, 0.9969, 0.9951, 0.9952, 0.9971, 0.9961, 0.9961, 1.0001, 0.9988, 0.9965, 0.996, 0.9986, 1.0015, 0.9998, 1.0007, 1.0008, 1.0, 0.9973, 0.9988, 0.9976, 0.9981, 0.9983, 1.001, 1.0027, 1.0011, 1.0008, 1.0023, 1.0005, 1.0, 1.0003, 0.9981, 0.9964, 0.994, 0.9945, 0.9937, 0.9951, 0.9953, 0.9962, 0.9961, 0.9972, 0.9971, 0.9958, 0.9975, 0.999, 1.0022, 1.0021, 1.0013, 0.9993, 0.9939, 0.9921, 0.9928, 0.9917, 0.9881, 0.989, 0.9882, 0.9877, 0.9872, 0.987, 0.9878, 0.9854, 0.9851, 0.9844, 0.9861, 0.9847, 0.987, 0.9879, 0.9903, 0.9893, 0.9905, 0.9911, 0.989, 0.9887, 0.9881, 0.9868, 0.9858, 0.9838, 0.9832, 0.9838, 0.9827, 0.9806, 0.9821, 0.9816, 0.9817, 0.9814, 0.9807, 0.9816, 0.9809, 0.981, 0.9791, 0.9768, 0.9764, 0.9791, 0.9794, 0.9821, 0.9828, 0.9835, 0.9827, 0.9827, 0.9853, 0.987, 0.9862, 0.9856, 0.9875, 0.9868, 0.9882, 0.9869, 0.9879, 0.9901, 0.9913, 0.9917, 0.9919, 0.9919, 0.9919, 0.9936, 0.9953, 0.9959, 0.9942, 0.9935, 0.994, 0.9941, 0.9922, 0.9932, 0.9969, 0.9953, 0.9954, 0.9977, 0.9972, 0.9967, 0.997, 0.9978, 0.9973, 0.9987, 0.9961, 0.9971, 0.9976, 0.9975, 0.9981, 0.9982, 1.0001, 0.9995, 0.9995, 0.9976, 0.9961, 0.9958, 0.9936, 0.9925, 0.9907, 0.99, 0.9902, 0.9916, 0.9889, 0.9887, 0.99, 0.992, 0.994, 0.992, 0.9914, 0.9922, 0.9936, 0.994, 0.9945, 0.9949, 0.9938, 0.9941, 0.9953, 0.9949, 1.0948, 1.0905, 1.09, 1.0927, 1.0941, 1.0964, 1.0967, 1.0949, 1.0942, 1.0966, 1.0938, 1.0924, 1.0898, 1.089, 1.0884, 1.0894, 1.0882, 1.0909, 1.0919, 1.0913, 1.0898, 1.0875, 1.0878, 1.0909, 1.0907, 1.0892, 1.0891, 1.0884, 1.0871, 1.0842, 1.0842, 1.0865, 1.0885, 1.0901, 1.0905, 1.0913, 1.0929, 1.0929, 1.0934, 1.0928, 1.0947, 1.0933, 1.0944, 1.0958, 1.0972, 1.0984, 1.0977, 1.0969, 1.0964, 1.0958, 1.0942, 1.0935, 1.0926, 1.0912, 1.0919, 1.0908, 1.0912, 1.0936, 1.0963, 1.0964, 1.0981, 1.0986, 1.1024, 1.1051, 1.1069, 1.1067, 1.1064, 1.1074, 1.1074, 1.1071, 1.1083, 1.1064, 1.1034, 1.1018, 1.1001, 1.1001, 1.0988, 1.0985, 1.0955, 1.0978, 1.0985, 1.0973, 1.0978, 1.0998, 1.1012, 1.1012, 1.1022, 1.1037, 1.1018, 1.0997, 1.0988, 1.1004, 1.1028, 1.1031, 1.1056, 1.1072, 1.1072, 1.1061, 1.1051, 1.1053, 1.1076]","(True, 'BUY')",1.0912612143592433,1.1076368132523826,5,7,6
006,control,26,TXPN,CASH,CASH,-1,-0.0822450006047203,"[1.0, 0.9955, 0.9973, 0.9998, 1.0019, 1.0013, 1.0013, 1.0009, 1.0031, 1.0045, 1.0046, 1.0058, 1.0079, 1.0086, 1.007, 1.007, 1.0064, 1.004, 1.001, 1.0013, 0.9998, 1.0005, 0.9994, 1.0007, 1.0021, 1.0027, 1.001, 0.998, 1.0013, 1.0013, 1.0045, 1.0042, 1.0025, 1.0026, 1.0008, 1.0009, 1.0035, 1.005, 1.0098, 1.0104, 1.0111, 1.0097, 1.0084, 1.0089, 1.0076, 1.0072, 1.0068, 1.0051, 1.0088, 1.0059, 1.0062, 1.0078, 1.0096, 1.0091, 1.0076, 1.0115, 1.015, 1.0153, 1.0155, 1.0158, 1.0141, 1.0142, 1.016, 1.0173, 1.0159, 1.0173, 1.0161, 1.0136, 1.0143, 1.0155, 1.0179, 1.0167, 1.0185, 1.0194, 1.02, 1.0194, 1.0191, 1.02, 1.0207, 1.0189, 1.0181, 1.018, 1.0197, 1.0205, 1.0205, 1.0202, 1.0228, 1.0222, 1.021, 1.0204, 1.021, 1.0211, 1.0203, 1.0197, 1.0206, 1.0215, 1.0221, 1.0207, 1.0208, 1.0228, 1.0217, 1.0245, 1.025, 1.0266, 1.0251, 1.0274, 1.0276, 1.0284, 1.0297, 1.0324, 1.0323, 1.0335, 1.034, 1.0318, 1.0302, 1.0281, 1.0281, 1.0287, 1.0297, 1.0315, 1.0322, 1.0304, 1.0334, 1.0339, 1.0332, 1.0308, 1.0319, 1.0297, 1.0318, 1.0323, 1.0297, 1.0291, 1.0322, 1.0293, 1.0286, 1.0253, 1.0256, 1.0286, 1.0286, 1.0284, 1.0279, 1.0275, 0.9425, 0.9435, 0.9451, 0.9417, 0.9378, 0.9394, 0.9409, 0.9387, 0.9383, 0.9388, 0.9398, 0.94, 0.9405, 0.9401, 0.9412, 0.9412, 0.9408, 0.9403, 0.9393, 0.9402, 0.9407, 0.941, 0.9406, 0.9416, 0.9421, 0.9404, 0.9367, 0.936, 0.9358, 0.9388, 0.9409, 0.942, 0.9456, 0.9448, 0.9451, 0.9463, 0.9463, 0.9461, 0.9468, 0.9466, 0.9483, 0.9455, 0.9462, 0.9487, 0.9479, 0.9467, 0.9472, 0.9473, 0.948, 0.9473, 0.9478, 0.9488, 0.9455, 0.9455, 0.9463, 0.9446, 0.9427, 0.9441, 0.9431, 0.9435, 0.9447, 0.9459, 0.9437, 0.944, 0.9431, 0.9401, 0.9406, 0.9418, 0.9412, 0.9421, 0.9426, 0.943, 0.9403, 0.9413, 0.9393, 0.9371, 0.9361, 0.9379, 0.9388, 0.9409, 0.9405, 0.9414, 0.9408, 0.94, 0.9408, 0.9408, 0.9382, 0.939, 0.9382, 0.941, 0.9411, 0.9415, 0.9394, 0.941, 0.942, 0.9406, 0.9402, 0.9383, 0.9411, 0.9394, 0.941, 0.9396, 0.9432, 0.9456, 0.947, 0.9469, 0.9461, 0.9471, 0.9477, 0.9462, 0.9479, 0.9486, 0.948, 0.948, 0.9488, 0.9498, 0.95, 0.9503, 0.9479, 0.9507, 0.9507, 0.9493, 0.9504, 0.9483, 0.9481, 0.9442, 0.9438, 0.9425, 0.9425, 0.9442, 0.9461, 0.9455, 0.9477, 0.9503, 0.952, 0.9505, 0.9498, 0.9514, 0.9492, 0.9507, 0.9508, 0.9543, 0.9544, 0.9556, 0.955, 0.9533, 0.9535]","(False, None)",,0.9534744792316663,6,7,4
006,control,27,ENKB,ASSET,ASSET,-1,-0.11485945909972829,"[1.0, 1.0025, 1.0056, 1.0019, 1.0047, 1.004, 1.0032, 1.0069, 1.0053, 1.0008, 0.9991, 0.995, 0.9887, 0.9881, 0.9893, 0.982, 0.9819, 0.9827, 0.9831, 0.9788, 0.9776, 0.9769, 0.9782, 0.9739, 0.975, 0.9782, 0.9705, 0.9711, 0.966, 0.9654, 0.963, 0.9671, 0.9671, 0.9696, 0.9661, 0.9675, 0.972, 0.9696, 0.9716, 0.9731, 0.9727, 0.9685, 0.9693, 0.9683, 0.9702, 0.9726, 0.9776, 0.9747, 0.9774, 0.9796, 0.9797, 0.9816, 0.982, 0.9841, 0.9852, 0.9833, 0.9835, 0.9856, 0.9826, 0.9812, 0.9854, 0.9864, 0.9842, 0.9822, 0.9868, 0.9883, 0.9819, 0.9835, 0.9805, 0.98, 0.9747, 0.9737, 0.9711, 0.9671, 0.97, 0.978, 0.9797, 0.9803, 0.9761, 0.9752, 0.9728, 0.9666, 0.9683, 0.968, 0.9655, 0.9605, 0.9618, 0.9661, 0.9663, 0.9645, 0.9664, 0.9631, 0.9559, 0.9614, 0.9667, 0.9656, 0.9657, 0.9711, 0.9673, 0.9676, 0.9703, 0.9759, 0.9731, 0.9704, 0.9709, 0.9688, 0.9738, 0.9712, 0.9717, 0.9722, 0.9711, 0.9655, 0.9697, 0.9703, 0.9724, 0.9742, 0.9722, 0.9707, 0.9691, 0.9728, 0.971, 0.9635, 0.9624, 0.9593, 0.9622, 0.9599, 0.9611, 0.9608, 0.9612, 0.9581, 0.9565, 0.9561, 0.9574, 0.9586, 0.9546, 0.9534, 0.9564, 0.9584, 0.9565, 0.9547, 0.9596, 0.9617, 0.956, 0.9626, 0.9647, 0.9655, 0.9637, 0.9601, 0.9578, 0.9551, 0.9512, 0.9446, 0.9489, 0.953, 0.9547, 0.955, 0.9528, 0.9511, 0.9508, 0.9478, 0.9486, 0.9483, 0.9471, 0.9476, 0.9476, 0.9506, 0.9496, 0.9464, 0.9472, 0.9513, 0.9571, 0.9599, 0.9558, 0.9533, 0.9484, 0.9487, 0.9481, 0.9448, 0.9498, 0.9527, 0.9515, 0.9543, 0.9478, 0.9493, 0.95, 0.9573, 0.9617, 0.964, 0.9632, 0.8515, 0.8527, 0.8524, 0.8506, 0.8546, 0.8534, 0.8486, 0.8498, 0.8484, 0.8491, 0.8517, 0.8482, 0.843, 0.8402, 0.8423, 0.8474, 0.8519, 0.8506, 0.8505, 0.8517, 0.8494, 0.8494, 0.8488, 0.8519, 0.8506, 0.856, 0.8583, 0.8587, 0.8539, 0.8545, 0.8546, 0.8586, 0.8596, 0.866, 0.8657, 0.8608, 0.8624, 0.8585, 0.8587, 0.8567, 0.86, 0.8574, 0.8597, 0.8547, 0.8576, 0.8543, 0.8551, 0.8583, 0.8569, 0.8566, 0.8603, 0.8607, 0.861, 0.8649, 0.8664, 0.8661, 0.8672, 0.8609, 0.8533, 0.8504, 0.8519, 0.8492, 0.8475, 0.8483, 0.8503, 0.852, 0.8503, 0.8518, 0.8512, 0.8516, 0.855, 0.8624, 0.8572, 0.8552, 0.8506, 0.8474, 0.8511, 0.8589, 0.8618, 0.8602, 0.8554, 0.8498, 0.8532, 0.8559, 0.855, 0.8587, 0.8606, 0.864, 0.8629, 0.8671, 0.8629, 0.8641, 0.8685, 0.8674, 0.8687, 0.8694, 0.8686, 0.8665, 0.8636, 0.8633]","(False, None)",,0.8632703301391035,3,7,7
006,control,28,JBMW,ASSET,ASSET,-1,-0.07717636660457586,"[1.0, 1.0001, 0.9998, 0.9994, 0.9996, 1.0003, 1.0002, 0.9992, 0.9995, 0.9991, 0.9998, 0.9995, 1.0001, 0.9991, 1.0004, 0.9997, 0.9992, 0.9995, 1.0013, 1.0012, 1.0013, 0.9995, 1.0002, 0.9999, 1.0004, 1.0017, 1.0004, 1.0, 1.001, 1.002, 1.0023, 1.0014, 1.0008, 1.0001, 1.0003, 1.0006, 1.0007, 1.0008, 1.001, 1.0004, 1.0003, 0.9987, 0.998, 0.9986, 0.9989, 0.9999, 0.9986, 0.9991, 0.9983, 0.9988, 0.9971, 0.9965, 0.9962, 0.9948, 0.994, 0.9954, 0.9962, 0.9964, 0.9961, 0.9956, 0.9952, 0.9971, 0.9975, 0.998, 0.9976, 0.9977, 0.9981, 0.9978, 0.9979, 0.9978, 0.9977, 0.9972, 0.9976, 0.9976, 0.9983, 0.9986, 0.9979, 0.9982, 0.9984, 0.9993, 0.9995, 0.9998, 1.0009, 1.0017, 1.0015, 1.0028, 1.0026, 1.0025, 1.0032, 1.0032, 1.002, 1.0019, 1.002, 1.0032, 1.0028, 1.0019, 1.0029, 1.0031, 1.0039, 1.0039, 1.004, 1.0041, 1.0041, 1.0036, 1.004, 1.0034, 1.0025, 1.0023, 1.0038, 1.0017, 1.0008, 0.999, 0.9991, 0.9986, 0.9972, 0.9978, 0.9967, 0.9984, 0.9988, 0.9992, 0.999, 0.9996, 0.9997, 0.9986, 0.9983, 0.9975, 0.9972, 0.9967, 0.9963, 0.9962, 0.9954, 0.996, 0.9944, 0.9936, 0.9921, 0.9925, 0.992, 0.9921, 0.9913, 0.9915, 0.9917, 0.9918, 0.9926, 0.9933, 0.9928, 0.9913, 0.9902, 0.9907, 0.9902, 0.9906, 0.9892, 0.9894, 0.989, 0.9886, 0.988, 0.9876, 0.9879, 0.9889, 0.9891, 0.9898, 0.9903, 0.9897, 0.9889, 0.9894, 0.9901, 0.9918, 0.9921, 0.9917, 0.9917, 0.9926, 0.9924, 0.9925, 0.99, 0.9888, 0.9907, 0.9903, 0.99, 0.9895, 0.9896, 0.989, 0.9883, 0.9877, 0.9874, 0.9883, 0.9885, 0.9885, 0.9887, 0.9896, 0.9903, 0.9906, 0.9899, 0.989, 0.9896, 0.9898, 0.9913, 0.9911, 0.9916, 0.9915, 0.9914, 0.9913, 0.9913, 0.9914, 0.9903, 0.9899, 0.9897, 0.9907, 0.9911, 0.9906, 0.9914, 0.9919, 0.9912, 0.9921, 0.9905, 0.9905, 0.9917, 0.9909, 0.9908, 0.992, 0.9919, 0.9922, 0.9926, 0.994, 0.9932, 0.9921, 0.9936, 0.9171, 0.9162, 0.9162, 0.9169, 0.9168, 0.9176, 0.917, 0.9171, 0.9155, 0.9152, 0.9144, 0.9156, 0.9161, 0.9167, 0.9169, 0.9162, 0.9157, 0.9154, 0.915, 0.9147, 0.9159, 0.9152, 0.9146, 0.9138, 0.9142, 0.9138, 0.913, 0.9143, 0.9144, 0.9147, 0.9153, 0.9158, 0.9157, 0.9156, 0.9158, 0.9159, 0.9152, 0.9155, 0.9151, 0.9157, 0.9169, 0.9174, 0.9182, 0.9185, 0.9184, 0.9162, 0.9147, 0.9142, 0.9138, 0.9145, 0.914, 0.9135, 0.9128, 0.9118, 0.9119, 0.9134, 0.9128, 0.9127, 0.9133, 0.913, 0.9124, 0.9126, 0.9126, 0.9126]","(False, None)",,0.9125802630080606,3,8,2
